"","Studentnummer","Periode","Vaksoort","Cijfers"
"1","4385074","1","Theorie",7.55732528705715
"2","4207511","1","Theorie",4.27645011898524
"3","4098908","1","Theorie",5.20396848188917
"4","4195935","1","Theorie",8.04219199076734
"5","4468737","1","Theorie",7.28365483316201
"6","4327754","1","Theorie",6.92487589103592
"7","4357990","1","Theorie",5.21534093436923
"8","4354057","1","Theorie",9.0557882721428
"9","4062367","1","Theorie",5.35208628978169
"10","4480166","1","Theorie",5.38887747638096
"11","4374045","1","Theorie",7.06892165251433
"12","4025547","1","Theorie",6.52917729367619
"13","4232263","1","Theorie",5.97742313294649
"14","4097291","1","Theorie",5.25973585515187
"15","4131464","1","Theorie",5.10628470996746
"16","4372364","1","Theorie",5.80530123092911
"17","4482451","1","Theorie",4.89918591977916
"18","4124790","1","Theorie",6.41585569306556
"19","4467535","1","Theorie",6.94016956769222
"20","4355807","1","Theorie",4.8527080329543
"21","4116211","1","Theorie",7.24965292992844
"22","4152123","1","Theorie",7.29601318433245
"23","4002847","1","Theorie",6.53869099680973
"24","4040995","1","Theorie",4.78067167763386
"25","4341640","1","Theorie",6.9483979230144
"26","4294862","1","Theorie",6.59528215381125
"27","4136336","1","Theorie",5.59350200523653
"28","4408720","1","Theorie",6.29137576479287
"29","4279097","1","Theorie",6.14905337614769
"30","4115138","1","Theorie",8.09934666853318
"31","4145420","1","Theorie",6.05570120373503
"32","4403010","1","Theorie",6.46777206140422
"33","4062025","1","Theorie",5.74943027314594
"34","4491882","1","Theorie",5.91236148479692
"35","4022007","1","Theorie",6.70315123725766
"36","4171635","1","Theorie",6.15802598037075
"37","4108459","1","Theorie",5.9182664324981
"38","4140908","1","Theorie",5.40819713574327
"39","4361394","1","Theorie",6.11935086119557
"40","4394473","1","Theorie",7.03301734418017
"41","4413206","1","Theorie",5.16018165689214
"42","4426137","1","Theorie",8.16431406899432
"43","4397190","1","Theorie",6.37632011184699
"44","4446180","1","Theorie",6.59992048382744
"45","4367062","1","Theorie",7.74719277764001
"46","4230283","1","Theorie",6.4360734877997
"47","4114684","1","Theorie",7.22458113056673
"48","4222679","1","Theorie",4.69732814839398
"49","4171524","1","Theorie",6.88095015526768
"50","4171587","1","Theorie",8.88355008932625
"51","4059146","1","Theorie",6.80136498750561
"52","4056642","1","Theorie",6.61517717074705
"53","4079630","1","Theorie",4.5842876470972
"54","4418345","1","Theorie",5.48826057576712
"55","4090422","1","Theorie",6.35095530914638
"56","4255963","1","Theorie",5.99461252331819
"57","4104067","1","Theorie",7.53038179784685
"58","4283167","1","Theorie",7.21546473507257
"59","4033745","1","Theorie",6.47641751904814
"60","4052443","1","Theorie",7.85374735124973
"61","4470984","1","Theorie",6.77412108343626
"62","4378422","1","Theorie",6.22909594424743
"63","4044034","1","Theorie",5.89778718814949
"64","4108996","1","Theorie",6.94352210794063
"65","4122869","1","Theorie",5.89481399714838
"66","4405342","1","Theorie",7.18679578940201
"67","4052937","1","Theorie",6.70094940160844
"68","4242059","1","Theorie",7.71022390674737
"69","4106819","1","Theorie",7.19843377027211
"70","4193925","1","Theorie",7.25086043761444
"71","4491286","1","Theorie",5.95643203190531
"72","4417603","1","Theorie",5.95322521239042
"73","4167709","1","Theorie",6.41330504177615
"74","4088606","1","Theorie",4.96385429377293
"75","4182503","1","Theorie",5.7707403527372
"76","4290456","1","Theorie",6.64352176562534
"77","4498200","1","Theorie",7.45836223334598
"78","4235595","1","Theorie",7.23134881791503
"79","4228871","1","Theorie",6.50521181595233
"80","4339089","1","Theorie",4.65828690554265
"81","4222548","1","Theorie",7.04524699376523
"82","4274478","1","Theorie",6.49710422467608
"83","4282359","1","Theorie",6.32326630546182
"84","4180274","1","Theorie",7.39195067770175
"85","4453547","1","Theorie",5.5407492387509
"86","4289011","1","Theorie",6.1184203116756
"87","4344680","1","Theorie",8.46624727069071
"88","4380871","1","Theorie",5.7884470221833
"89","4323639","1","Theorie",6.71561282466482
"90","4206884","1","Theorie",7.06029337814483
"91","4189140","1","Theorie",4.67779759285489
"92","4020387","1","Theorie",4.26537395165138
"93","4065990","1","Theorie",6.468945598137
"94","4117836","1","Theorie",7.2678217425811
"95","4095569","1","Theorie",4.10995582054125
"96","4386176","1","Theorie",6.24980971179168
"97","4099176","1","Theorie",6.13121820720896
"98","4312314","1","Theorie",8.19133204114731
"99","4397649","1","Theorie",7.07226804169809
"100","4304828","1","Theorie",6.19069886370327
"101","4307724","1","Theorie",6.41218250612437
"102","4410318","1","Theorie",7.93411686438439
"103","4421454","1","Theorie",6.47729181640714
"104","4166127","1","Theorie",6.47843753274893
"105","4338848","1","Theorie",5.6207389295703
"106","4269174","1","Theorie",6.56655966873187
"107","4362713","1","Theorie",6.66532456977475
"108","4112068","1","Theorie",7.29078070962027
"109","4356298","1","Theorie",5.93211163053349
"110","4170270","1","Theorie",7.15837455680685
"111","4496238","1","Theorie",5.75826364223006
"112","4373333","1","Theorie",7.02767182324743
"113","4230461","1","Theorie",6.64833012682298
"114","4125696","1","Theorie",5.69992418327579
"115","4287088","1","Theorie",5.83259841488082
"116","4389577","1","Theorie",6.13860607411054
"117","4379084","1","Theorie",5.33611496421342
"118","4428246","1","Theorie",6.29363134601125
"119","4456073","1","Theorie",7.17110373967559
"120","4082554","1","Theorie",9.14740354224873
"121","4385074","1","Praktijk",7.11606524292419
"122","4207511","1","Praktijk",7.74356763425028
"123","4098908","1","Praktijk",7.95286121063539
"124","4195935","1","Praktijk",6.39132587234213
"125","4468737","1","Praktijk",8.20111984739073
"126","4327754","1","Praktijk",7.65605250463262
"127","4357990","1","Praktijk",5.76574969256893
"128","4354057","1","Praktijk",6.93469518372192
"129","4062367","1","Praktijk",7.84176916364174
"130","4480166","1","Praktijk",6.78497897128842
"131","4374045","1","Praktijk",6.74042432377606
"132","4025547","1","Praktijk",6.40750598428071
"133","4232263","1","Praktijk",6.04146086652462
"134","4097291","1","Praktijk",7.91088999844844
"135","4131464","1","Praktijk",8.46760175223823
"136","4372364","1","Praktijk",7.05684894424936
"137","4482451","1","Praktijk",6.6849710936568
"138","4124790","1","Praktijk",8.68289118430819
"139","4467535","1","Praktijk",7.03741109007373
"140","4355807","1","Praktijk",7.24170917440232
"141","4116211","1","Praktijk",7.68303989613886
"142","4152123","1","Praktijk",6.01987282607213
"143","4002847","1","Praktijk",6.53642626085721
"144","4040995","1","Praktijk",6.56535010578694
"145","4341640","1","Praktijk",6.49803696855411
"146","4294862","1","Praktijk",7.77685037887132
"147","4136336","1","Praktijk",5.08691962927423
"148","4408720","1","Praktijk",7.46090968267475
"149","4279097","1","Praktijk",8.34712719028965
"150","4115138","1","Praktijk",7.2147936485562
"151","4145420","1","Praktijk",6.88826075609804
"152","4403010","1","Praktijk",6.24380389189584
"153","4062025","1","Praktijk",7.67341375854071
"154","4491882","1","Praktijk",5.68613592032277
"155","4022007","1","Praktijk",7.36428099767059
"156","4171635","1","Praktijk",6.32913478143465
"157","4108459","1","Praktijk",8.79332899431659
"158","4140908","1","Praktijk",7.84659752279178
"159","4361394","1","Praktijk",7.55736968518264
"160","4394473","1","Praktijk",7.30239306319965
"161","4413206","1","Praktijk",6.52473317480495
"162","4426137","1","Praktijk",8.17208502373943
"163","4397190","1","Praktijk",7.95586992924942
"164","4446180","1","Praktijk",6.77171437693286
"165","4367062","1","Praktijk",6.48607523628488
"166","4230283","1","Praktijk",7.00961593443278
"167","4114684","1","Praktijk",7.59986481171624
"168","4222679","1","Praktijk",6.22215508549585
"169","4171524","1","Praktijk",7.3837369095491
"170","4171587","1","Praktijk",5.04968947025626
"171","4059146","1","Praktijk",6.5770334742541
"172","4056642","1","Praktijk",6.43456068422988
"173","4079630","1","Praktijk",7.66430941878394
"174","4418345","1","Praktijk",7.72228216852483
"175","4090422","1","Praktijk",7.20979375993234
"176","4255963","1","Praktijk",6.75947380379709
"177","4104067","1","Praktijk",8.3994895345014
"178","4283167","1","Praktijk",7.08253151068358
"179","4033745","1","Praktijk",7.23820978738058
"180","4052443","1","Praktijk",8.39480563237129
"181","4470984","1","Praktijk",7.54395835210291
"182","4378422","1","Praktijk",6.87092702553501
"183","4044034","1","Praktijk",8.870857916859
"184","4108996","1","Praktijk",6.28194179718118
"185","4122869","1","Praktijk",7.11219267136269
"186","4405342","1","Praktijk",8.52029371983474
"187","4052937","1","Praktijk",8.93078613049822
"188","4242059","1","Praktijk",9.36259607787676
"189","4106819","1","Praktijk",6.88426752066742
"190","4193925","1","Praktijk",6.62490389576331
"191","4491286","1","Praktijk",5.79364356440211
"192","4417603","1","Praktijk",9.4678598535587
"193","4167709","1","Praktijk",6.42914607102932
"194","4088606","1","Praktijk",7.58031569699439
"195","4182503","1","Praktijk",7.80513677275497
"196","4290456","1","Praktijk",8.21967413681758
"197","4498200","1","Praktijk",7.67494304414822
"198","4235595","1","Praktijk",5.01405355988741
"199","4228871","1","Praktijk",8.13319216697515
"200","4339089","1","Praktijk",7.67543542123273
"201","4222548","1","Praktijk",7.5902816000284
"202","4274478","1","Praktijk",6.47267184915681
"203","4282359","1","Praktijk",8.18655594807659
"204","4180274","1","Praktijk",8.62398359867007
"205","4453547","1","Praktijk",7.68473051120034
"206","4289011","1","Praktijk",7.54923644593443
"207","4344680","1","Praktijk",8.06012424961619
"208","4380871","1","Praktijk",7.60461114460805
"209","4323639","1","Praktijk",7.56704492139953
"210","4206884","1","Praktijk",5.68080095049202
"211","4189140","1","Praktijk",8.74980333197868
"212","4020387","1","Praktijk",7.69988106566767
"213","4065990","1","Praktijk",7.66087285153237
"214","4117836","1","Praktijk",9.27670993327744
"215","4095569","1","Praktijk",6.89234943441699
"216","4386176","1","Praktijk",8.15237088517827
"217","4099176","1","Praktijk",7.73278829306006
"218","4312314","1","Praktijk",7.10445229162469
"219","4397649","1","Praktijk",7.05793662156788
"220","4304828","1","Praktijk",6.01697428902165
"221","4307724","1","Praktijk",7.74531840953441
"222","4410318","1","Praktijk",4.61814455741924
"223","4421454","1","Praktijk",7.97890003053602
"224","4166127","1","Praktijk",7.49294030270385
"225","4338848","1","Praktijk",7.1132920946516
"226","4269174","1","Praktijk",5.73364050453977
"227","4362713","1","Praktijk",6.1168205512642
"228","4112068","1","Praktijk",8.25773736712652
"229","4356298","1","Praktijk",6.83967919944358
"230","4170270","1","Praktijk",7.55059376501539
"231","4496238","1","Praktijk",7.22825765619336
"232","4373333","1","Praktijk",7.67304826102349
"233","4230461","1","Praktijk",6.28084527232802
"234","4125696","1","Praktijk",6.82417656366046
"235","4287088","1","Praktijk",5.38716623568778
"236","4389577","1","Praktijk",7.48860021110496
"237","4379084","1","Praktijk",7.0103774187229
"238","4428246","1","Praktijk",7.21786021321135
"239","4456073","1","Praktijk",7.85043024242613
"240","4082554","1","Praktijk",7.51025498542118
"241","4385074","2","Theorie",7.96835716892389
"242","4207511","2","Theorie",6.97261453361101
"243","4098908","2","Theorie",6.02248201197386
"244","4195935","2","Theorie",6.15397360804716
"245","4468737","2","Theorie",8.00143183167595
"246","4327754","2","Theorie",6.77135788057105
"247","4357990","2","Theorie",6.88170007857364
"248","4354057","2","Theorie",6.96602069601032
"249","4062367","2","Theorie",5.52109777484108
"250","4480166","2","Theorie",7.46332484782536
"251","4374045","2","Theorie",4.33545580479965
"252","4025547","2","Theorie",7.06917066826001
"253","4232263","2","Theorie",8.55977199341018
"254","4097291","2","Theorie",5.82272770861699
"255","4131464","2","Theorie",6.1974194912041
"256","4372364","2","Theorie",6.66869617615646
"257","4482451","2","Theorie",5.76456700601745
"258","4124790","2","Theorie",6.80660194131523
"259","4467535","2","Theorie",6.14944290241021
"260","4355807","2","Theorie",7.20424355620149
"261","4116211","2","Theorie",8.54203613746722
"262","4152123","2","Theorie",5.10487710938046
"263","4002847","2","Theorie",5.88147743390866
"264","4040995","2","Theorie",7.09825139469896
"265","4341640","2","Theorie",6.79817216339198
"266","4294862","2","Theorie",6.41956022337119
"267","4136336","2","Theorie",5.93279728075546
"268","4408720","2","Theorie",6.56233108481488
"269","4279097","2","Theorie",6.56270412482434
"270","4115138","2","Theorie",6.94073887799331
"271","4145420","2","Theorie",6.60708983077192
"272","4403010","2","Theorie",6.26687059922325
"273","4062025","2","Theorie",4.92524947317447
"274","4491882","2","Theorie",6.92796511312623
"275","4022007","2","Theorie",6.30214395093178
"276","4171635","2","Theorie",6.5843777227108
"277","4108459","2","Theorie",5.29822091378091
"278","4140908","2","Theorie",5.68277807136597
"279","4361394","2","Theorie",7.12819423946287
"280","4394473","2","Theorie",6.21518135432569
"281","4413206","2","Theorie",5.86528008306388
"282","4426137","2","Theorie",5.09516471089929
"283","4397190","2","Theorie",5.27931312007989
"284","4446180","2","Theorie",5.32877079703928
"285","4367062","2","Theorie",6.13908663782316
"286","4230283","2","Theorie",7.50468703481302
"287","4114684","2","Theorie",6.36674621666017
"288","4222679","2","Theorie",5.41754231634645
"289","4171524","2","Theorie",6.2800802620196
"290","4171587","2","Theorie",6.62801648002383
"291","4059146","2","Theorie",5.36937138330659
"292","4056642","2","Theorie",5.16858503189088
"293","4079630","2","Theorie",7.38623038899861
"294","4418345","2","Theorie",6.81424210222305
"295","4090422","2","Theorie",6.59316838075921
"296","4255963","2","Theorie",5.73734516953866
"297","4104067","2","Theorie",6.50714272376298
"298","4283167","2","Theorie",7.5280774574073
"299","4033745","2","Theorie",5.86998743069587
"300","4052443","2","Theorie",7.63190835172714
"301","4470984","2","Theorie",5.5367328439275
"302","4378422","2","Theorie",7.53231883156069
"303","4044034","2","Theorie",6.90905866292592
"304","4108996","2","Theorie",5.47745991612548
"305","4122869","2","Theorie",6.25235164352737
"306","4405342","2","Theorie",6.47067801069875
"307","4052937","2","Theorie",5.07492867389802
"308","4242059","2","Theorie",6.68733288420762
"309","4106819","2","Theorie",6.79066777697389
"310","4193925","2","Theorie",8.53912608412108
"311","4491286","2","Theorie",7.19221230896246
"312","4417603","2","Theorie",7.09893258373295
"313","4167709","2","Theorie",8.23544276888011
"314","4088606","2","Theorie",6.69424989963198
"315","4182503","2","Theorie",6.93252149437169
"316","4290456","2","Theorie",6.40259110247978
"317","4498200","2","Theorie",7.31021099822561
"318","4235595","2","Theorie",7.51467838526569
"319","4228871","2","Theorie",6.80087065830807
"320","4339089","2","Theorie",5.39053204908016
"321","4222548","2","Theorie",4.10279148801816
"322","4274478","2","Theorie",6.73854532217057
"323","4282359","2","Theorie",5.27058516965913
"324","4180274","2","Theorie",7.01307810393455
"325","4453547","2","Theorie",7.32826853911963
"326","4289011","2","Theorie",5.72936727458143
"327","4344680","2","Theorie",5.86599131815988
"328","4380871","2","Theorie",7.30531746476826
"329","4323639","2","Theorie",7.50354481603093
"330","4206884","2","Theorie",7.79618269695644
"331","4189140","2","Theorie",6.14340156779291
"332","4020387","2","Theorie",5.36396948027212
"333","4065990","2","Theorie",6.6525386461785
"334","4117836","2","Theorie",5.01381135344592
"335","4095569","2","Theorie",6.02747714493016
"336","4386176","2","Theorie",6.4569148369111
"337","4099176","2","Theorie",5.41818713176492
"338","4312314","2","Theorie",6.17810217463987
"339","4397649","2","Theorie",5.4447493273765
"340","4304828","2","Theorie",5.29427126500323
"341","4307724","2","Theorie",5.38604760917358
"342","4410318","2","Theorie",4.22176634061834
"343","4421454","2","Theorie",6.15935287636999
"344","4166127","2","Theorie",7.5996376498866
"345","4338848","2","Theorie",6.27063121680579
"346","4269174","2","Theorie",4.06337816236332
"347","4362713","2","Theorie",6.84503006646479
"348","4112068","2","Theorie",7.13084205243866
"349","4356298","2","Theorie",5.80242085689913
"350","4170270","2","Theorie",5.69897259574374
"351","4496238","2","Theorie",5.78780218591674
"352","4373333","2","Theorie",6.29506762024265
"353","4230461","2","Theorie",6.20285208729086
"354","4125696","2","Theorie",6.27596460272449
"355","4287088","2","Theorie",6.17260966238567
"356","4389577","2","Theorie",6.16811437963695
"357","4379084","2","Theorie",6.75374225545921
"358","4428246","2","Theorie",4.89366416564132
"359","4456073","2","Theorie",6.5109307869533
"360","4082554","2","Theorie",7.05233608948797
"361","4385074","2","Praktijk",7.43837954673984
"362","4207511","2","Praktijk",7.45968001236634
"363","4098908","2","Praktijk",7.52843531823039
"364","4195935","2","Praktijk",6.13721628318659
"365","4468737","2","Praktijk",8.15465851940679
"366","4327754","2","Praktijk",7.057904121409
"367","4357990","2","Praktijk",5.28400457763908
"368","4354057","2","Praktijk",7.07230950669523
"369","4062367","2","Praktijk",7.52416983261698
"370","4480166","2","Praktijk",6.56317507837743
"371","4374045","2","Praktijk",6.45328925945976
"372","4025547","2","Praktijk",7.18854113978356
"373","4232263","2","Praktijk",6.98839834363474
"374","4097291","2","Praktijk",5.87967614150919
"375","4131464","2","Praktijk",4.83306135313902
"376","4372364","2","Praktijk",7.78471583548113
"377","4482451","2","Praktijk",6.36202768923576
"378","4124790","2","Praktijk",10
"379","4467535","2","Praktijk",7.13705453668101
"380","4355807","2","Praktijk",7.52045578480086
"381","4116211","2","Praktijk",8.17621081167933
"382","4152123","2","Praktijk",5.15103704808468
"383","4002847","2","Praktijk",7.06624864723609
"384","4040995","2","Praktijk",5.30150715411552
"385","4341640","2","Praktijk",6.06521960043203
"386","4294862","2","Praktijk",8.14630371767861
"387","4136336","2","Praktijk",7.25350518185825
"388","4408720","2","Praktijk",7.70364276525954
"389","4279097","2","Praktijk",8.067454660414
"390","4115138","2","Praktijk",8.16710150194461
"391","4145420","2","Praktijk",6.04541885100498
"392","4403010","2","Praktijk",7.14220201033697
"393","4062025","2","Praktijk",6.78768322030218
"394","4491882","2","Praktijk",7.71302086839955
"395","4022007","2","Praktijk",7.86425626094745
"396","4171635","2","Praktijk",8.02606595210077
"397","4108459","2","Praktijk",6.88489778484176
"398","4140908","2","Praktijk",7.34161530016541
"399","4361394","2","Praktijk",7.52429205051533
"400","4394473","2","Praktijk",8.08640914041459
"401","4413206","2","Praktijk",6.87663716276696
"402","4426137","2","Praktijk",6.93246604344955
"403","4397190","2","Praktijk",5.53297969406904
"404","4446180","2","Praktijk",7.11646212412334
"405","4367062","2","Praktijk",8.13487199727826
"406","4230283","2","Praktijk",6.71279948883786
"407","4114684","2","Praktijk",6.94106759741377
"408","4222679","2","Praktijk",9.41412883607947
"409","4171524","2","Praktijk",7.94541105238532
"410","4171587","2","Praktijk",6.9876800443696
"411","4059146","2","Praktijk",8.48544828285913
"412","4056642","2","Praktijk",7.85379896394427
"413","4079630","2","Praktijk",7.24624606128197
"414","4418345","2","Praktijk",9.42746303485883
"415","4090422","2","Praktijk",7.11229352055578
"416","4255963","2","Praktijk",7.39875784493933
"417","4104067","2","Praktijk",9.21037814936148
"418","4283167","2","Praktijk",8.92145571560741
"419","4033745","2","Praktijk",9.3930679948022
"420","4052443","2","Praktijk",6.60776407206638
"421","4470984","2","Praktijk",5.01280188913353
"422","4378422","2","Praktijk",5.64439832512952
"423","4044034","2","Praktijk",7.86950941791517
"424","4108996","2","Praktijk",6.8287774133577
"425","4122869","2","Praktijk",7.26679032262571
"426","4405342","2","Praktijk",7.67736706776052
"427","4052937","2","Praktijk",8.45771800072852
"428","4242059","2","Praktijk",8.69864999962659
"429","4106819","2","Praktijk",9.41850393063946
"430","4193925","2","Praktijk",6.21254013049201
"431","4491286","2","Praktijk",8.51603338663365
"432","4417603","2","Praktijk",7.97722530463159
"433","4167709","2","Praktijk",6.57362309235246
"434","4088606","2","Praktijk",7.41284394166853
"435","4182503","2","Praktijk",7.36521357478166
"436","4290456","2","Praktijk",6.66937278891417
"437","4498200","2","Praktijk",7.81885546276613
"438","4235595","2","Praktijk",6.49705550014367
"439","4228871","2","Praktijk",6.61837679869162
"440","4339089","2","Praktijk",7.26283727814652
"441","4222548","2","Praktijk",7.01272568477372
"442","4274478","2","Praktijk",6.27397283265389
"443","4282359","2","Praktijk",8.69835918459911
"444","4180274","2","Praktijk",8.13669024580683
"445","4453547","2","Praktijk",6.97010373618225
"446","4289011","2","Praktijk",7.83480225613094
"447","4344680","2","Praktijk",6.09274681070674
"448","4380871","2","Praktijk",7.92876731504835
"449","4323639","2","Praktijk",7.87616473280411
"450","4206884","2","Praktijk",8.53622387908971
"451","4189140","2","Praktijk",7.77553963797917
"452","4020387","2","Praktijk",5.75285251160974
"453","4065990","2","Praktijk",7.35546879788962
"454","4117836","2","Praktijk",7.98006209093678
"455","4095569","2","Praktijk",5.94979843020687
"456","4386176","2","Praktijk",7.54510244448737
"457","4099176","2","Praktijk",6.99265146404799
"458","4312314","2","Praktijk",8.03136456653745
"459","4397649","2","Praktijk",7.50138180605695
"460","4304828","2","Praktijk",5.72453716713106
"461","4307724","2","Praktijk",7.32353877743927
"462","4410318","2","Praktijk",8.10164111102937
"463","4421454","2","Praktijk",4.74437262528788
"464","4166127","2","Praktijk",6.77308931905085
"465","4338848","2","Praktijk",5.98714110936487
"466","4269174","2","Praktijk",8.10086134632853
"467","4362713","2","Praktijk",8.01310077052542
"468","4112068","2","Praktijk",8.33191486258691
"469","4356298","2","Praktijk",8.98180849795089
"470","4170270","2","Praktijk",7.07368960410802
"471","4496238","2","Praktijk",7.10207096811746
"472","4373333","2","Praktijk",8.34370225232125
"473","4230461","2","Praktijk",6.85826265240502
"474","4125696","2","Praktijk",5.66337090268042
"475","4287088","2","Praktijk",7.51156259323186
"476","4389577","2","Praktijk",6.83516827155751
"477","4379084","2","Praktijk",6.63764278804383
"478","4428246","2","Praktijk",7.1670464028544
"479","4456073","2","Praktijk",5.97829829048875
"480","4082554","2","Praktijk",7.37669278134322
"481","4385074","3","Theorie",7.01500912061805
"482","4207511","3","Theorie",8.34730644450216
"483","4098908","3","Theorie",7.42168627194479
"484","4195935","3","Theorie",6.94170599222817
"485","4468737","3","Theorie",7.62886214469694
"486","4327754","3","Theorie",6.00359237150823
"487","4357990","3","Theorie",8.32429420212992
"488","4354057","3","Theorie",7.46621604105375
"489","4062367","3","Theorie",8.20289084221957
"490","4480166","3","Theorie",7.33947473874316
"491","4374045","3","Theorie",7.48932861914223
"492","4025547","3","Theorie",7.80131137647635
"493","4232263","3","Theorie",6.51143939599575
"494","4097291","3","Theorie",8.84916942543378
"495","4131464","3","Theorie",7.60551047185944
"496","4372364","3","Theorie",7.3438800323356
"497","4482451","3","Theorie",6.76014054465686
"498","4124790","3","Theorie",8.11778099875746
"499","4467535","3","Theorie",7.33549970889452
"500","4355807","3","Theorie",7.53242959590706
"501","4116211","3","Theorie",7.43471508455409
"502","4152123","3","Theorie",7.68165263482086
"503","4002847","3","Theorie",8.31927825482767
"504","4040995","3","Theorie",6.3572768470741
"505","4341640","3","Theorie",7.1863773197946
"506","4294862","3","Theorie",9.17794707687002
"507","4136336","3","Theorie",8.86094086182791
"508","4408720","3","Theorie",7.03544917742199
"509","4279097","3","Theorie",6.78683957862602
"510","4115138","3","Theorie",7.8959067804406
"511","4145420","3","Theorie",7.64563858632494
"512","4403010","3","Theorie",7.27209519016782
"513","4062025","3","Theorie",6.14956058188581
"514","4491882","3","Theorie",9.0343509612082
"515","4022007","3","Theorie",8.37543576436395
"516","4171635","3","Theorie",8.48407793761813
"517","4108459","3","Theorie",7.04061272854046
"518","4140908","3","Theorie",6.3844803269369
"519","4361394","3","Theorie",8.73552147320614
"520","4394473","3","Theorie",7.2444377239424
"521","4413206","3","Theorie",8.32660849817811
"522","4426137","3","Theorie",8.28924568826877
"523","4397190","3","Theorie",7.54511699157134
"524","4446180","3","Theorie",6.58135337389033
"525","4367062","3","Theorie",6.16317713879571
"526","4230283","3","Theorie",9.71722564578261
"527","4114684","3","Theorie",7.45072430823386
"528","4222679","3","Theorie",7.69083550974162
"529","4171524","3","Theorie",5.58871026014826
"530","4171587","3","Theorie",6.25485231381873
"531","4059146","3","Theorie",8.68087282215109
"532","4056642","3","Theorie",6.04052997897714
"533","4079630","3","Theorie",9.2849707369725
"534","4418345","3","Theorie",6.03139843964045
"535","4090422","3","Theorie",7.943940411562
"536","4255963","3","Theorie",6.1619698316026
"537","4104067","3","Theorie",9.27713234257007
"538","4283167","3","Theorie",5.95418992807293
"539","4033745","3","Theorie",7.24663260236623
"540","4052443","3","Theorie",6.45431137973126
"541","4470984","3","Theorie",7.71240499413719
"542","4378422","3","Theorie",7.67472437501843
"543","4044034","3","Theorie",7.08455768359364
"544","4108996","3","Theorie",7.01563240201249
"545","4122869","3","Theorie",5.97106426786575
"546","4405342","3","Theorie",8.36341768923641
"547","4052937","3","Theorie",8.01378162134417
"548","4242059","3","Theorie",7.03144556678316
"549","4106819","3","Theorie",5.59295534043626
"550","4193925","3","Theorie",8.75543844331659
"551","4491286","3","Theorie",7.84568016611477
"552","4417603","3","Theorie",7.56479479147032
"553","4167709","3","Theorie",7.42997776587805
"554","4088606","3","Theorie",6.72388708629879
"555","4182503","3","Theorie",8.53604965148959
"556","4290456","3","Theorie",9.56933212747923
"557","4498200","3","Theorie",6.31098071026884
"558","4235595","3","Theorie",6.29727390252862
"559","4228871","3","Theorie",8.70263617360821
"560","4339089","3","Theorie",4.62167448968533
"561","4222548","3","Theorie",7.74131156062563
"562","4274478","3","Theorie",7.17645021391604
"563","4282359","3","Theorie",7.20122840481431
"564","4180274","3","Theorie",9.03330267976011
"565","4453547","3","Theorie",5.53037848686609
"566","4289011","3","Theorie",7.14991115316758
"567","4344680","3","Theorie",6.02924066617709
"568","4380871","3","Theorie",8.85126184360921
"569","4323639","3","Theorie",5.26209022510675
"570","4206884","3","Theorie",6.82273895249167
"571","4189140","3","Theorie",7.63644945155543
"572","4020387","3","Theorie",8.49985656336821
"573","4065990","3","Theorie",7.96128271365065
"574","4117836","3","Theorie",9.70362700541773
"575","4095569","3","Theorie",9.4208958968894
"576","4386176","3","Theorie",7.34212148126018
"577","4099176","3","Theorie",7.84209337556445
"578","4312314","3","Theorie",6.09666885988209
"579","4397649","3","Theorie",7.36477957174612
"580","4304828","3","Theorie",8.32425431612853
"581","4307724","3","Theorie",7.0391716669548
"582","4410318","3","Theorie",7.86717268081643
"583","4421454","3","Theorie",7.19876313941058
"584","4166127","3","Theorie",7.39465265681819
"585","4338848","3","Theorie",6.86699671297506
"586","4269174","3","Theorie",6.88458485877479
"587","4362713","3","Theorie",7.31508909072892
"588","4112068","3","Theorie",7.83593334004116
"589","4356298","3","Theorie",8.39795424397786
"590","4170270","3","Theorie",6.2368107393373
"591","4496238","3","Theorie",9.08089383773506
"592","4373333","3","Theorie",8.6171205130423
"593","4230461","3","Theorie",7.37256117314953
"594","4125696","3","Theorie",7.10845439570271
"595","4287088","3","Theorie",8.37262782127357
"596","4389577","3","Theorie",7.16029327069474
"597","4379084","3","Theorie",6.49828232431894
"598","4428246","3","Theorie",6.76882567487738
"599","4456073","3","Theorie",5.7740249147657
"600","4082554","3","Theorie",5.25050405507428
"601","4385074","3","Praktijk",9.51262792349993
"602","4207511","3","Praktijk",7.6690804332535
"603","4098908","3","Praktijk",6.88052784439055
"604","4195935","3","Praktijk",7.38426555589102
"605","4468737","3","Praktijk",7.2487470808801
"606","4327754","3","Praktijk",7.48823135381368
"607","4357990","3","Praktijk",8.17890251191971
"608","4354057","3","Praktijk",7.78672013758607
"609","4062367","3","Praktijk",7.74795346701924
"610","4480166","3","Praktijk",5.5004286205571
"611","4374045","3","Praktijk",7.34231758401207
"612","4025547","3","Praktijk",6.92869501353887
"613","4232263","3","Praktijk",8.03473129816543
"614","4097291","3","Praktijk",6.43925630730889
"615","4131464","3","Praktijk",6.59517538937138
"616","4372364","3","Praktijk",6.90405323783357
"617","4482451","3","Praktijk",6.98152301607131
"618","4124790","3","Praktijk",6.74501554973225
"619","4467535","3","Praktijk",8.79548649027518
"620","4355807","3","Praktijk",10
"621","4116211","3","Praktijk",9.30082563123672
"622","4152123","3","Praktijk",7.00468100732192
"623","4002847","3","Praktijk",6.81329762747012
"624","4040995","3","Praktijk",7.86176538624796
"625","4341640","3","Praktijk",7.49720933866593
"626","4294862","3","Praktijk",8.07602556416029
"627","4136336","3","Praktijk",6.65122945878855
"628","4408720","3","Praktijk",8.42555255241429
"629","4279097","3","Praktijk",6.70340461457831
"630","4115138","3","Praktijk",6.12286456446695
"631","4145420","3","Praktijk",7.30757627156442
"632","4403010","3","Praktijk",9.24746361219518
"633","4062025","3","Praktijk",6.4703705443799
"634","4491882","3","Praktijk",6.36919984337975
"635","4022007","3","Praktijk",6.08048564525075
"636","4171635","3","Praktijk",7.31579429823265
"637","4108459","3","Praktijk",8.17390220699747
"638","4140908","3","Praktijk",7.24005262655382
"639","4361394","3","Praktijk",8.26330754226669
"640","4394473","3","Praktijk",8.36937087783831
"641","4413206","3","Praktijk",8.01412904015206
"642","4426137","3","Praktijk",9.89691850680724
"643","4397190","3","Praktijk",8.55526488188743
"644","4446180","3","Praktijk",9.27487161677876
"645","4367062","3","Praktijk",7.16244254331539
"646","4230283","3","Praktijk",6.9472204617314
"647","4114684","3","Praktijk",6.68324848815168
"648","4222679","3","Praktijk",7.88893426771708
"649","4171524","3","Praktijk",8.23420158408053
"650","4171587","3","Praktijk",8.32586481545964
"651","4059146","3","Praktijk",8.34315515213513
"652","4056642","3","Praktijk",6.83992554485969
"653","4079630","3","Praktijk",8.08769928428966
"654","4418345","3","Praktijk",7.61982542033565
"655","4090422","3","Praktijk",6.3947626107251
"656","4255963","3","Praktijk",7.77310116358847
"657","4104067","3","Praktijk",7.86939156912999
"658","4283167","3","Praktijk",7.4646260775971
"659","4033745","3","Praktijk",8.40481544153691
"660","4052443","3","Praktijk",7.0261705800876
"661","4470984","3","Praktijk",8.33610850408053
"662","4378422","3","Praktijk",8.24498858894407
"663","4044034","3","Praktijk",8.49265815925723
"664","4108996","3","Praktijk",8.02924459833816
"665","4122869","3","Praktijk",8.43723457827919
"666","4405342","3","Praktijk",8.27061706922384
"667","4052937","3","Praktijk",6.77259161491887
"668","4242059","3","Praktijk",7.83572898781583
"669","4106819","3","Praktijk",7.6394069412427
"670","4193925","3","Praktijk",6.14387961984288
"671","4491286","3","Praktijk",7.62356988347751
"672","4417603","3","Praktijk",7.90458986897194
"673","4167709","3","Praktijk",9.51701460983184
"674","4088606","3","Praktijk",6.58250788540673
"675","4182503","3","Praktijk",7.1507341283157
"676","4290456","3","Praktijk",7.86299864786804
"677","4498200","3","Praktijk",8.06732638505597
"678","4235595","3","Praktijk",7.88816988531686
"679","4228871","3","Praktijk",8.4764874344274
"680","4339089","3","Praktijk",8.54929578678711
"681","4222548","3","Praktijk",5.77787672312093
"682","4274478","3","Praktijk",8.52628292799943
"683","4282359","3","Praktijk",7.99042752874739
"684","4180274","3","Praktijk",6.65941503093011
"685","4453547","3","Praktijk",7.65245391784029
"686","4289011","3","Praktijk",7.0630022610893
"687","4344680","3","Praktijk",8.34803960255171
"688","4380871","3","Praktijk",6.73964961995571
"689","4323639","3","Praktijk",8.08305376655044
"690","4206884","3","Praktijk",7.47839156820328
"691","4189140","3","Praktijk",7.93336809065559
"692","4020387","3","Praktijk",8.27558663265039
"693","4065990","3","Praktijk",7.53851065018718
"694","4117836","3","Praktijk",8.34018796787096
"695","4095569","3","Praktijk",6.7363229256912
"696","4386176","3","Praktijk",6.5575877673573
"697","4099176","3","Praktijk",9.7643620566372
"698","4312314","3","Praktijk",7.36713690541909
"699","4397649","3","Praktijk",8.05042987005378
"700","4304828","3","Praktijk",6.70161913781152
"701","4307724","3","Praktijk",6.96249938805576
"702","4410318","3","Praktijk",6.68091258295065
"703","4421454","3","Praktijk",7.12501081582481
"704","4166127","3","Praktijk",8.29691777137976
"705","4338848","3","Praktijk",6.76025651408438
"706","4269174","3","Praktijk",7.32386818222919
"707","4362713","3","Praktijk",8.24867908164391
"708","4112068","3","Praktijk",8.01705886306868
"709","4356298","3","Praktijk",5.41151507272056
"710","4170270","3","Praktijk",8.03159527235085
"711","4496238","3","Praktijk",5.45585463619879
"712","4373333","3","Praktijk",7.87737502387885
"713","4230461","3","Praktijk",9.17872992448464
"714","4125696","3","Praktijk",8.2878925317481
"715","4287088","3","Praktijk",6.29683593858474
"716","4389577","3","Praktijk",7.09736629433031
"717","4379084","3","Praktijk",8.23379543187055
"718","4428246","3","Praktijk",4.99046950445118
"719","4456073","3","Praktijk",7.65745238365102
"720","4082554","3","Praktijk",5.2262615635102
"721","4385074","4","Theorie",7.52616767931314
"722","4207511","4","Theorie",6.92611015891675
"723","4098908","4","Theorie",7.77707270262208
"724","4195935","4","Theorie",7.76380402228103
"725","4468737","4","Theorie",8.3894580105017
"726","4327754","4","Theorie",6.96830837808816
"727","4357990","4","Theorie",7.2111232564365
"728","4354057","4","Theorie",9.82423772161644
"729","4062367","4","Theorie",8.30506966941541
"730","4480166","4","Theorie",6.67525852957321
"731","4374045","4","Theorie",8.11400764547719
"732","4025547","4","Theorie",7.50618368959598
"733","4232263","4","Theorie",8.00646329248882
"734","4097291","4","Theorie",6.46372432429922
"735","4131464","4","Theorie",5.44181702813397
"736","4372364","4","Theorie",6.31629841867062
"737","4482451","4","Theorie",6.97812538129548
"738","4124790","4","Theorie",6.34402376323712
"739","4467535","4","Theorie",9.20721090724148
"740","4355807","4","Theorie",7.09855415268935
"741","4116211","4","Theorie",7.42195175879955
"742","4152123","4","Theorie",6.81076758038514
"743","4002847","4","Theorie",6.79659740843711
"744","4040995","4","Theorie",7.70566961111359
"745","4341640","4","Theorie",7.92017506147707
"746","4294862","4","Theorie",8.56371492649817
"747","4136336","4","Theorie",6.77231856354368
"748","4408720","4","Theorie",8.37370730789838
"749","4279097","4","Theorie",6.11157576222121
"750","4115138","4","Theorie",7.81003174936683
"751","4145420","4","Theorie",7.69005421445154
"752","4403010","4","Theorie",7.33619529634908
"753","4062025","4","Theorie",8.01349058449395
"754","4491882","4","Theorie",8.40009629087857
"755","4022007","4","Theorie",7.61987096174324
"756","4171635","4","Theorie",8.44152740680933
"757","4108459","4","Theorie",8.01548928500996
"758","4140908","4","Theorie",6.94523856625591
"759","4361394","4","Theorie",8.27237690187241
"760","4394473","4","Theorie",8.24359630780213
"761","4413206","4","Theorie",6.91034751614825
"762","4426137","4","Theorie",8.12630019761112
"763","4397190","4","Theorie",5.62363425737739
"764","4446180","4","Theorie",7.63984610337519
"765","4367062","4","Theorie",7.74030417389082
"766","4230283","4","Theorie",7.61998197127734
"767","4114684","4","Theorie",5.48828933605856
"768","4222679","4","Theorie",7.12633977986079
"769","4171524","4","Theorie",6.50282966200467
"770","4171587","4","Theorie",6.36889769056858
"771","4059146","4","Theorie",7.51520936422971
"772","4056642","4","Theorie",7.90370538085104
"773","4079630","4","Theorie",6.95878948605157
"774","4418345","4","Theorie",6.71513902182923
"775","4090422","4","Theorie",4.93994755958199
"776","4255963","4","Theorie",7.5728007835119
"777","4104067","4","Theorie",8.25024357606641
"778","4283167","4","Theorie",7.37175111911785
"779","4033745","4","Theorie",7.01213327482786
"780","4052443","4","Theorie",8.40878779144248
"781","4470984","4","Theorie",5.64753585165648
"782","4378422","4","Theorie",7.18985209413897
"783","4044034","4","Theorie",7.18613507606702
"784","4108996","4","Theorie",7.52355122513666
"785","4122869","4","Theorie",8.68345966271718
"786","4405342","4","Theorie",6.94716675199288
"787","4052937","4","Theorie",8.09704028768312
"788","4242059","4","Theorie",8.18096938294002
"789","4106819","4","Theorie",7.51196104821705
"790","4193925","4","Theorie",7.29319243665587
"791","4491286","4","Theorie",8.23884904705583
"792","4417603","4","Theorie",7.47427836230399
"793","4167709","4","Theorie",5.70327230999403
"794","4088606","4","Theorie",5.68438920883128
"795","4182503","4","Theorie",7.24225463197199
"796","4290456","4","Theorie",7.43927276130803
"797","4498200","4","Theorie",8.49187372814375
"798","4235595","4","Theorie",6.53155902347228
"799","4228871","4","Theorie",7.8807205786688
"800","4339089","4","Theorie",7.71350974070837
"801","4222548","4","Theorie",6.53149346806363
"802","4274478","4","Theorie",8.9948730987816
"803","4282359","4","Theorie",7.16378015383774
"804","4180274","4","Theorie",5.79937207936019
"805","4453547","4","Theorie",6.03232234178998
"806","4289011","4","Theorie",7.28365134940874
"807","4344680","4","Theorie",8.65178498466669
"808","4380871","4","Theorie",8.13348045684103
"809","4323639","4","Theorie",7.22269033502824
"810","4206884","4","Theorie",5.75665218518103
"811","4189140","4","Theorie",6.4814471597605
"812","4020387","4","Theorie",7.19051874187826
"813","4065990","4","Theorie",6.98599445906339
"814","4117836","4","Theorie",6.75853380597804
"815","4095569","4","Theorie",7.69121653210113
"816","4386176","4","Theorie",6.33301637561295
"817","4099176","4","Theorie",5.87385884171526
"818","4312314","4","Theorie",6.52310276326356
"819","4397649","4","Theorie",6.81137881478122
"820","4304828","4","Theorie",7.90780088732887
"821","4307724","4","Theorie",6.37859488600954
"822","4410318","4","Theorie",5.93706581999136
"823","4421454","4","Theorie",7.73466143677846
"824","4166127","4","Theorie",5.51623947020481
"825","4338848","4","Theorie",8.47803246813569
"826","4269174","4","Theorie",7.17405319377247
"827","4362713","4","Theorie",7.27318670464159
"828","4112068","4","Theorie",7.92233033042059
"829","4356298","4","Theorie",7.30647464655144
"830","4170270","4","Theorie",7.22898311077386
"831","4496238","4","Theorie",7.23505761453827
"832","4373333","4","Theorie",6.94661178366427
"833","4230461","4","Theorie",7.0632920546311
"834","4125696","4","Theorie",7.82508664028644
"835","4287088","4","Theorie",6.71785490961905
"836","4389577","4","Theorie",8.02103196070562
"837","4379084","4","Theorie",9.38786051933339
"838","4428246","4","Theorie",9.08317807955344
"839","4456073","4","Theorie",7.3681724850904
"840","4082554","4","Theorie",5.92192334329536
"841","4385074","4","Praktijk",6.73026910147598
"842","4207511","4","Praktijk",6.41069840002779
"843","4098908","4","Praktijk",6.76246969940873
"844","4195935","4","Praktijk",8.40215087145681
"845","4468737","4","Praktijk",7.15059298354985
"846","4327754","4","Praktijk",8.08992999673424
"847","4357990","4","Praktijk",7.34219161493581
"848","4354057","4","Praktijk",8.29787369275367
"849","4062367","4","Praktijk",8.5865618162213
"850","4480166","4","Praktijk",8.3349570023395
"851","4374045","4","Praktijk",7.20313449151195
"852","4025547","4","Praktijk",9.35430135120002
"853","4232263","4","Praktijk",8.79833220197764
"854","4097291","4","Praktijk",6.96475890180701
"855","4131464","4","Praktijk",6.61566868132296
"856","4372364","4","Praktijk",9.36103301352516
"857","4482451","4","Praktijk",7.2294079085495
"858","4124790","4","Praktijk",8.08564090563064
"859","4467535","4","Praktijk",6.92294222548466
"860","4355807","4","Praktijk",7.1809850910363
"861","4116211","4","Praktijk",7.18597486721696
"862","4152123","4","Praktijk",6.84066135931407
"863","4002847","4","Praktijk",6.27684018651184
"864","4040995","4","Praktijk",7.60920412563468
"865","4341640","4","Praktijk",7.26559259990537
"866","4294862","4","Praktijk",7.66194464677561
"867","4136336","4","Praktijk",6.64409612433463
"868","4408720","4","Praktijk",6.28639029407456
"869","4279097","4","Praktijk",7.43227852507942
"870","4115138","4","Praktijk",8.95646853631126
"871","4145420","4","Praktijk",6.05706104279904
"872","4403010","4","Praktijk",6.98747010617707
"873","4062025","4","Praktijk",7.74398379192542
"874","4491882","4","Praktijk",9.17751179128875
"875","4022007","4","Praktijk",7.57947405466246
"876","4171635","4","Praktijk",6.64357250338306
"877","4108459","4","Praktijk",6.72122271285565
"878","4140908","4","Praktijk",7.11906391574292
"879","4361394","4","Praktijk",5.60264166027424
"880","4394473","4","Praktijk",7.42822908831218
"881","4413206","4","Praktijk",6.46913540850997
"882","4426137","4","Praktijk",8.17069547649061
"883","4397190","4","Praktijk",7.13871224506071
"884","4446180","4","Praktijk",7.22069364383133
"885","4367062","4","Praktijk",6.85410959300469
"886","4230283","4","Praktijk",6.98427090711908
"887","4114684","4","Praktijk",6.12544386713877
"888","4222679","4","Praktijk",8.51037782844654
"889","4171524","4","Praktijk",7.95370645645891
"890","4171587","4","Praktijk",7.77488033044491
"891","4059146","4","Praktijk",6.22820877519511
"892","4056642","4","Praktijk",8.47359524191821
"893","4079630","4","Praktijk",8.78078712369707
"894","4418345","4","Praktijk",7.47412345265801
"895","4090422","4","Praktijk",5.7640362200077
"896","4255963","4","Praktijk",6.554824116282
"897","4104067","4","Praktijk",7.03888036127263
"898","4283167","4","Praktijk",8.05956613727017
"899","4033745","4","Praktijk",7.70737169778683
"900","4052443","4","Praktijk",7.90051626974499
"901","4470984","4","Praktijk",7.4485903301236
"902","4378422","4","Praktijk",8.32494469568756
"903","4044034","4","Praktijk",5.82193249647239
"904","4108996","4","Praktijk",6.57672058373262
"905","4122869","4","Praktijk",6.84255166536265
"906","4405342","4","Praktijk",9.15494179674235
"907","4052937","4","Praktijk",6.33607085252894
"908","4242059","4","Praktijk",6.62085726550949
"909","4106819","4","Praktijk",7.72461303088687
"910","4193925","4","Praktijk",8.92054996200525
"911","4491286","4","Praktijk",8.00092068921146
"912","4417603","4","Praktijk",7.78482960196981
"913","4167709","4","Praktijk",6.77942516940623
"914","4088606","4","Praktijk",8.39646094196201
"915","4182503","4","Praktijk",6.06753233271388
"916","4290456","4","Praktijk",7.88599263402402
"917","4498200","4","Praktijk",6.38934584952042
"918","4235595","4","Praktijk",7.42449656217157
"919","4228871","4","Praktijk",6.11277778086658
"920","4339089","4","Praktijk",7.77471365422758
"921","4222548","4","Praktijk",8.04631196268885
"922","4274478","4","Praktijk",6.96090538992959
"923","4282359","4","Praktijk",5.65850080535722
"924","4180274","4","Praktijk",6.70971104899092
"925","4453547","4","Praktijk",6.40593187401074
"926","4289011","4","Praktijk",7.96369736708952
"927","4344680","4","Praktijk",7.51676547839203
"928","4380871","4","Praktijk",8.2137155884581
"929","4323639","4","Praktijk",7.87272039733072
"930","4206884","4","Praktijk",6.86858126471343
"931","4189140","4","Praktijk",7.15480527506695
"932","4020387","4","Praktijk",7.26632688715683
"933","4065990","4","Praktijk",5.0972901683002
"934","4117836","4","Praktijk",6.65898434063566
"935","4095569","4","Praktijk",6.97442243825738
"936","4386176","4","Praktijk",8.46467607153032
"937","4099176","4","Praktijk",8.66868779777066
"938","4312314","4","Praktijk",7.53752563540828
"939","4397649","4","Praktijk",6.44054961626424
"940","4304828","4","Praktijk",7.29680114123607
"941","4307724","4","Praktijk",7.23947749784147
"942","4410318","4","Praktijk",5.99640715860817
"943","4421454","4","Praktijk",6.30845351825089
"944","4166127","4","Praktijk",9.95707416564799
"945","4338848","4","Praktijk",6.07859483381231
"946","4269174","4","Praktijk",6.32932880975573
"947","4362713","4","Praktijk",8.11272884011098
"948","4112068","4","Praktijk",8.00407291263147
"949","4356298","4","Praktijk",7.46639597350757
"950","4170270","4","Praktijk",8.56778841116665
"951","4496238","4","Praktijk",6.41563566424633
"952","4373333","4","Praktijk",8.06575552227528
"953","4230461","4","Praktijk",7.2239091898624
"954","4125696","4","Praktijk",6.6742911241126
"955","4287088","4","Praktijk",7.99022053651951
"956","4389577","4","Praktijk",6.57346813890525
"957","4379084","4","Praktijk",9.10254989142619
"958","4428246","4","Praktijk",6.6391089799738
"959","4456073","4","Praktijk",7.13448673386719
"960","4082554","4","Praktijk",7.49366807922987
