"","Studentnummer","Bacheloropleiding","Cijfers_P1","Cijfers_P2","Cijfers_P3"
"504","4250873","Biologie",6.94271071206281,6.40943902370176,7.35251243726931
"595","4297887","Biologie",6.91222753659214,6.04080450580424,7.7172990781003
"365","4113026","Informatica",7.69721369942129,6.80844433993579,6.27390812873712
"45","4350978","Wiskunde",6.8044562068276,6.64240100014642,6.36389781378889
"617","4345924","Biologie",7.72780888742432,7.53010585947719,8.85587407344849
"387","4206331","Informatica",7.57485383962475,7.02286054739006,6.99851565224232
"464","4113095","Biologie",7.06710480440857,6.60947546106603,8.01624367015322
"194","4447967","Wiskunde",7.91754361647887,6.81189668336975,6.70493385927198
"129","4025446","Wiskunde",7.26065417046976,6.51937749270022,6.42315588420901
"423","4359062","Informatica",6.9048533757479,7.13853496768958,5.77643394270574
"212","4259673","Informatica",7.30209454283031,7.05819308244369,6.68470693560951
"52","4045032","Wiskunde",7.65187903615785,6.36819345606382,6.24229527951228
"460","4465900","Biologie",6.75999295165685,7.03524955526418,7.03923226516602
"181","4256266","Wiskunde",6.25391642523476,6.53685758041342,5.11622946479403
"718","4479923","Biologie",7.18600092854977,6.7972167685428,8.10460465115962
"426","4161750","Informatica",8.16999774788208,7.24260792900552,6.75567762923526
"650","4055476","Biologie",5.83975513732846,5.69744037143986,7.92040752017519
"734","4446303","Biologie",5.99065292844228,5.84144870068751,6.68097441190665
"247","4418184","Informatica",7.82563428747746,6.74910815093075,6.19901355880238
"300","4302008","Informatica",7.6981658025877,7.43226613861146,6.78941811248533
"53","4135636","Wiskunde",7.4481891829821,6.31742870088589,5.91965439396805
"422","4103834","Informatica",7.91678031613837,7.38837542572033,6.59603983776192
"124","4420378","Wiskunde",7.77438354007647,7.62748588193617,6.32026372865506
"706","4308152","Biologie",6.53163737559239,6.82286465650007,7.61692122970316
"610","4418282","Biologie",6.48419256127834,6.36408176776033,7.44176625172384
"320","4301454","Informatica",8.42408436305245,7.65874148876949,6.6162883345928
"389","4127532","Informatica",7.58662998291432,6.81350750590625,5.89336028280729
"176","4257546","Wiskunde",6.9927688214859,6.76527160972994,6.22443398295621
"417","4141059","Informatica",6.762827305166,7.47702532044482,6.66739849171874
"535","4129478","Biologie",6.24634602360657,5.78064836943909,7.15753449913138
"2","4107351","Wiskunde",7.61063746642278,6.94083328545712,6.65243775615125
"138","4456104","Wiskunde",6.92180155909542,5.85980488522068,5.98419694030752
"133","4407352","Wiskunde",7.00152975090881,6.7233269146319,5.89133828011288
"47","4346669","Wiskunde",7.16469989649841,6.25765110896924,6.26464268964086
"26","4387045","Wiskunde",7.00061543453668,6.60400686335383,5.70894870749266
"463","4210117","Biologie",6.56017384272216,6.91242041518191,7.87564016972481
"58","4433897","Wiskunde",6.90734248204252,7.14641884216749,5.99907244535435
"388","4479862","Informatica",6.46073381315284,5.95132647088339,5.30383793204834
"584","4286315","Biologie",6.95319560027009,6.47048872638888,7.82327168364251
"602","4272939","Biologie",6.23208124148131,5.99803326138597,7.17509707054843
"203","4297695","Informatica",6.90334046349497,6.71188214381876,5.43228853200509
"151","4106134","Wiskunde",7.00335768505882,7.55958101570735,5.923818161086
"6","4300963","Wiskunde",7.72440474569124,6.99493130107847,6.7350204082165
"103","4260360","Wiskunde",7.70734793829605,6.9725936077542,6.29235070425077
"612","4448076","Biologie",5.83477445458925,6.76310573194954,7.64003280678317
"420","4445700","Informatica",7.14314261235055,6.61462461707121,6.12678150132365
"99","4327846","Wiskunde",8.04384641782229,7.18189218925012,6.74003829772518
"641","4260399","Biologie",6.39957555382399,6.29251738952089,7.53193653152929
"321","4181858","Informatica",7.05471856311101,6.27647199528806,5.38289017989149
"257","4013026","Informatica",8.12188190310352,7.11575358300817,6.72497277718078
"524","4196199","Biologie",7.48098823485585,6.15796885472235,7.43924895419468
"699","4139481","Biologie",7.42298915664725,6.38730875045978,7.72281118558539
"400","4054936","Informatica",7.16584534396643,6.62940938211946,5.70256172764915
"502","4191146","Biologie",6.10480142358177,5.52052113501933,7.56625570556045
"238","4312474","Informatica",7.0932391600018,7.05065778368818,6.81821284660808
"548","4020070","Biologie",7.28910248993871,5.80093725042827,7.99091448692645
"586","4395633","Biologie",6.97247011947939,5.95757159056298,7.55153519495039
"236","4097581","Informatica",7.25966928812317,6.11032160560202,5.92551890962243
"290","4176141","Informatica",7.31239983032645,6.87185979517744,5.65070288105273
"430","4371783","Informatica",7.8146986270475,7.05975109616326,6.00521647125566
"248","4011967","Informatica",7.94317846976584,6.84994524011255,6.21963745772939
"208","4018104","Informatica",7.89353373796579,7.68891873139384,6.9381434152358
"63","4042891","Wiskunde",7.54678986023711,6.92209629371188,6.39303574684453
"546","4199724","Biologie",6.10632922401268,6.43026341428687,7.40222600950226
"519","4429691","Biologie",7.32957822223338,6.83323887560149,8.42108175494075
"634","4454109","Biologie",7.19821419762735,6.80409885230547,8.48691196929032
"245","4471297","Informatica",7.38496048931922,7.10549875314198,6.33492826667104
"712","4376543","Biologie",7.25193672634964,5.88321047977522,7.85300210779472
"434","4072378","Informatica",7.56784024942237,7.44871967974033,6.57251352034451
"461","4101038","Biologie",6.78934696367566,5.70885485966591,7.8568406673752
"590","4088608","Biologie",6.72637762337312,6.36448498802455,8.00980339824773
"224","4358177","Informatica",7.21319909581746,7.08841352984766,6.60525056939936
"67","4445212","Wiskunde",6.58291834079554,6.8882626954936,6.18153668057411
"611","4109240","Biologie",5.76423774028901,6.7947351897411,7.93084999646586
"438","4499285","Informatica",7.60711585269347,7.15335854215869,6.35630389499663
"244","4083109","Informatica",7.33785494564867,6.65115143886297,6.34750047253547
"177","4324796","Wiskunde",7.20443012303403,6.59388391301942,5.87066550039584
"698","4132821","Biologie",6.90931523473003,6.00100517290641,8.47539342249791
"609","4175271","Biologie",6.55103477917279,6.09327041876541,7.6778856656895
"113","4365588","Wiskunde",7.09151035654182,6.69070015241948,5.90210039860442
"603","4445628","Biologie",6.22076309610752,6.50931664198803,7.39495858617353
"628","4134332","Biologie",5.98022236032581,6.62437587667817,7.28072449141268
"729","4166529","Biologie",6.49694290293478,5.78516510609968,7.60556388457195
"401","4402652","Informatica",7.39751960235105,6.53857711820371,5.84224110896135
"313","4388164","Informatica",7.07740609641912,6.79640703447146,6.53455664311839
"343","4018874","Informatica",8.68522350769416,7.33814007679745,7.44651304248603
"137","4092917","Wiskunde",7.31313923467853,6.98067688007127,6.25989360616478
"314","4038648","Informatica",7.50831506277798,7.06933637239632,6.47578459225732
"91","4285344","Wiskunde",7.69739541667862,6.65183416683594,6.49253784817335
"636","4115526","Biologie",6.02484266008359,5.9614993943966,7.9652896773885
"648","4337089","Biologie",6.46403098016972,6.30744387768195,7.29798184746352
"722","4054739","Biologie",7.4820622020519,6.70087283122255,8.68377891755299
"362","4298966","Informatica",7.81525972208183,6.41190994688607,6.51185742164989
"44","4088548","Wiskunde",7.15358622791501,6.86047971579832,6.57852695963284
"551","4212683","Biologie",7.03717308726161,6.27619009247193,8.52757173012789
"564","4252920","Biologie",6.88162405274756,5.85382090045889,7.516233716284
"487","4371414","Biologie",6.44482136191783,6.41741883980279,7.63662169741997
"64","4294708","Wiskunde",7.43570080873078,7.05965199783652,5.67110035974513
"281","4337952","Informatica",7.27883733262401,7.10097082583369,6.41479164406827
"505","4274973","Biologie",6.76818506942714,6.76549463890946,8.85351922611513
"81","4430343","Wiskunde",7.24222861545577,7.25775637752689,6.2052558663961
"93","4191854","Wiskunde",8.70113751836359,7.72876706838315,6.33888535136785
"425","4489989","Informatica",8.22681923516805,7.15025782278182,7.06377110004481
"318","4039380","Informatica",7.86411384764286,6.71021501108275,6.29818150121294
"342","4167244","Informatica",7.49131838374705,7.05841103922696,6.05704919853813
"537","4349515","Biologie",7.39650034166676,7.00928501258215,7.43441202359924
"721","4058017","Biologie",6.83569502327655,6.32686624535663,7.58974066265487
"101","4161186","Wiskunde",7.90563168806003,7.15391037151128,6.29454572121659
"325","4069482","Informatica",7.5752299098335,7.24813914591707,6.21000561051663
"20","4146760","Wiskunde",8.41896500681264,7.72295636770363,7.40449347042999
"198","4486909","Wiskunde",7.35977800767035,6.42057727209405,6.06155076712197
"677","4240786","Biologie",6.98120592058046,6.4692159447282,7.9168409696637
"704","4006503","Biologie",7.21365869729623,6.92868219782177,8.25283350622902
"476","4347760","Biologie",6.47637051230258,6.40664905895838,7.63667801889379
"593","4305908","Biologie",6.76122002655285,5.74753140169152,7.48218455296295
"716","4083027","Biologie",6.30724676651694,5.35841163884342,6.93216076502963
"27","4154839","Wiskunde",8.11915745182037,6.35248837066906,7.05796752429551
"424","4018411","Informatica",7.92428480188841,7.34176205633094,6.36514677732852
"386","4364321","Informatica",7.77944273214639,6.95041747450622,5.94628952746524
"10","4094839","Wiskunde",7.15565288100096,6.93387812777326,5.83548139922502
"330","4087119","Informatica",7.52715747240545,6.82054471614998,5.91920809764467
"544","4402812","Biologie",6.72036672739975,5.94875974411044,7.80565566063787
"116","4340160","Wiskunde",7.57848235684946,7.14146739298785,7.09051917927813
"709","4429182","Biologie",6.05869656702036,6.20407484937316,7.13716513600026
"159","4397332","Wiskunde",7.42867609668853,6.58443078835772,5.93409291304382
"328","4024482","Informatica",7.43031423833929,7.09116459552532,6.12009980503841
"390","4481240","Informatica",7.71779492862948,6.65685185852987,6.35725515719377
"509","4191698","Biologie",6.65658544189646,6.43772665194155,8.02088091937595
"79","4173313","Wiskunde",7.87766515432303,6.95400304767226,6.35124338376544
"204","4484526","Informatica",7.60688402136325,7.06351684962561,7.08919340719815
"40","4348769","Wiskunde",7.33585468666996,6.69400640868277,6.35977371991407
"528","4205373","Biologie",7.00598640951713,6.69042567242149,7.95649494126328
"520","4104942","Biologie",6.97692356402598,6.35765013473006,8.06124596249626
"534","4002462","Biologie",6.4219736549193,6.97407599426969,7.77263979088884
"726","4127666","Biologie",7.19537887267385,6.83498839919758,7.62526084874288
"714","4030300","Biologie",6.82214531719082,5.48345417288145,7.24212927337924
"282","4158543","Informatica",6.45110975326826,6.29563621586795,6.12453695043084
"402","4132498","Informatica",7.08813923757253,6.33626931322817,5.95549640001013
"119","4176146","Wiskunde",7.85614437830409,7.31621656272851,6.46505580150278
"148","4009811","Wiskunde",7.65122741203504,7.59974846929783,5.95125019988843
"702","4355536","Biologie",6.3905957718623,5.72941354309763,7.4414677818301
"263","4012340","Informatica",7.54902607218756,6.53203401244422,6.23291666773748
"261","4350801","Informatica",7.34382251352114,6.3443537784208,5.8335757982989
"18","4216888","Wiskunde",7.01130855213433,6.88080294978618,6.00972393011256
"470","4043638","Biologie",7.29185047832571,6.60632445443838,7.67029007660352
"305","4119570","Informatica",7.66111734189233,6.71540410719711,6.12845712386268
"309","4375199","Informatica",7.78602268263888,7.15295865108383,6.7068095585508
"206","4374009","Informatica",7.64152058565749,6.9431809923616,6.11674320231397
"71","4393530","Wiskunde",7.86660162764998,6.88858828564672,6.1523608129031
"83","4000193","Wiskunde",6.56326790101667,6.87346708206344,5.9599836197168
"150","4477540","Wiskunde",7.79193796498128,7.15974186824587,6.32904428002488
"213","4241987","Informatica",7.66932205965752,7.29161248740974,6.46589356121724
"41","4222688","Wiskunde",8.15505536275777,7.4531710945475,6.87961714572924
"529","4098553","Biologie",6.6932084400548,6.44945966493772,6.98175595525028
"179","4053426","Wiskunde",7.47595120608061,7.02876055008044,6.65274118788548
"620","4170603","Biologie",6.42468743023017,5.43879311224024,6.96461130343074
"32","4419847","Wiskunde",6.83088162731007,7.13549185942093,6.41264039828917
"418","4113750","Informatica",7.37390793580933,6.96328918085846,6.50305070711094
"577","4434788","Biologie",6.41661743231175,6.62611391107165,7.94050512492899
"691","4285392","Biologie",7.29208209244641,6.45256633703879,7.27591211711158
"477","4395384","Biologie",7.2376039777274,7.49777957249482,8.39307604840167
"523","4228408","Biologie",6.91908817365084,6.38446911646549,8.21825511510701
"65","4167998","Wiskunde",7.16280348664816,7.08872058260589,6.64014533825151
"633","4047187","Biologie",6.66824401005694,6.51845687613959,7.48577112450089
"308","4003278","Informatica",7.26225522727481,6.65493838963527,5.96042764118296
"92","4211837","Wiskunde",7.22438126001011,7.2366105844968,6.71856136815414
"453","4050508","Biologie",7.45738385321415,6.92830663916787,8.30528916163846
"60","4382641","Wiskunde",7.54122761796219,6.25466695177163,5.83578971257713
"293","4153356","Informatica",7.52600543769192,7.27617983682755,6.72181462348041
"478","4136456","Biologie",6.67696657281859,6.21688409691031,7.6929559242213
"200","4416907","Wiskunde",6.49491387767956,6.56917868042163,5.5593122788072
"4","4492798","Wiskunde",6.41125741171134,6.10289097183921,5.81626852681317
"351","4314078","Informatica",7.89901730387827,7.01580223740301,5.87676074503692
"727","4264923","Biologie",6.05792725834586,5.74258514860406,7.26893366490431
"489","4341143","Biologie",6.54819548291,5.85543006857709,7.39529331060869
"635","4159556","Biologie",6.87960925617315,6.7301625329671,8.21203780218456
"294","4180274","Informatica",7.63123596390227,8.01278579395284,6.90239025187581
"657","4300253","Biologie",6.11240686242559,5.31482295926292,6.67936926770129
"140","4431895","Wiskunde",7.3616367901125,6.91088249979011,5.94515906420863
"592","4349297","Biologie",7.30814888235938,6.48688892130003,7.04682490318783
"533","4073384","Biologie",6.71465595003643,6.71551692792184,8.11334910368899
"632","4100915","Biologie",7.06467347144314,6.3749199423901,8.34999297863194
"170","4476735","Wiskunde",7.80440979852762,7.14997098021702,7.55702524814886
"78","4394836","Wiskunde",7.50923602393453,6.37845379470124,6.21966605831842
"522","4448882","Biologie",6.4950195799865,6.71867875714593,7.48127235800975
"659","4090249","Biologie",7.42079461282761,6.75709058238394,8.06720491027587
"475","4045852","Biologie",5.84269284177563,5.78433822829175,7.52933361075158
"189","4324145","Wiskunde",7.69756556965199,7.6239020316599,6.34992313527527
"95","4047663","Wiskunde",7.03165899459364,6.59242579140577,6.73303075228464
"33","4306828","Wiskunde",7.03182444886135,7.05424915650462,6.0367737711482
"235","4346093","Informatica",7.15365482247554,5.99511537054314,6.19661471208792
"623","4306052","Biologie",7.22917587163127,6.76011626618341,7.33568980197974
"156","4330638","Wiskunde",8.15087475370043,7.29820217889361,6.94306244583439
"279","4305113","Informatica",7.09300420445158,7.33997185621091,6.14640150198248
"234","4017443","Informatica",7.7055601590063,6.91826700267243,6.74059531326021
"169","4035289","Wiskunde",7.72732859895532,6.7209615819141,6.10024730410884
"649","4003485","Biologie",6.65061781267377,6.1185136364085,7.46107417477559
"517","4332896","Biologie",7.146338663567,6.77148687761804,7.95975421582539
"16","4060227","Wiskunde",7.32183259152089,6.93431391023729,6.52304179215495
"645","4113237","Biologie",6.11504893307271,6.37063227272118,7.75319607204014
"408","4207460","Informatica",6.85347982625623,7.29767971879788,6.50604076046768
"503","4303631","Biologie",7.38808562796472,7.16568897872972,8.49625723945522
"512","4301072","Biologie",5.70719078916232,5.43517161310445,7.55009596685152
"429","4276762","Informatica",7.09960255225903,6.73377306634657,5.88475576823105
"589","4161094","Biologie",6.89847267776515,6.36293107530336,7.88335419870851
"146","4461841","Wiskunde",7.35476899470946,7.03089873664473,6.95171261948542
"175","4042743","Wiskunde",7.77650229459019,7.82236317231397,6.84709503380076
"49","4488510","Wiskunde",7.39270968316601,6.70761903357415,6.22584632921009
"737","4242292","Biologie",6.74654161461799,6.56268086238988,8.19385471735051
"276","4259508","Informatica",7.83330933247158,6.81075498397565,6.4645186975927
"651","4301760","Biologie",5.89594940699508,5.60177695785965,7.20326066073634
"23","4239889","Wiskunde",7.31174334247087,6.34446395167119,6.76119669116041
"306","4491453","Informatica",7.56996252417206,6.5303760087475,6.20021933129195
"55","4118790","Wiskunde",7.63762037006728,7.09639007907203,5.98818837616072
"350","4150112","Informatica",7.70916234556589,7.46786653351394,6.6685622093975
"166","4042847","Wiskunde",8.08700478010357,6.72784283247011,6.76940369638899
"171","4189325","Wiskunde",8.06481583851052,7.78705221233224,6.91513126237544
"428","4061872","Informatica",7.21214864963111,7.05729208099969,6.03976178231659
"50","4206599","Wiskunde",7.85110634452376,6.4923744593857,6.01224733750964
"440","4274375","Informatica",7.79036592147932,6.8313768752251,6.19355643943792
"160","4139101","Wiskunde",7.51641159503061,6.34236733986169,6.61385831624735
"506","4347689","Biologie",7.03214282418469,7.188811248563,8.4854262099807
"147","4103939","Wiskunde",7.62978724257847,8.01678408443724,7.07499664528537
"663","4326191","Biologie",6.12320453025049,6.25997911148645,7.55312011896255
"272","4093196","Informatica",7.64685264354838,7.31717958901323,6.53325444181279
"360","4000566","Informatica",7.15679424177536,6.46891802360947,6.06828022962975
"690","4350691","Biologie",5.8768382562403,5.5469079310853,7.23410075601696
"458","4471298","Biologie",6.21921238033277,6.73767766244488,7.35185719863231
"252","4434983","Informatica",7.01092635993326,6.98717697933563,6.19642139705033
"68","4283704","Wiskunde",7.67166073171222,7.92895182637153,6.79776704379383
"665","4485810","Biologie",6.26003401963791,5.05220164774013,7.28083203415839
"622","4413256","Biologie",7.48291096535718,6.81603802033995,7.44249256295079
"183","4468503","Wiskunde",7.94721896058098,7.44080723809793,6.58116299743689
"435","4476822","Informatica",7.76730080457184,7.13390938052835,6.78112338257869
"404","4435965","Informatica",8.27620317598646,7.59076348342372,7.01684142627311
"120","4203418","Wiskunde",7.82843685047388,6.96608922683538,6.07668959447003
"152","4029857","Wiskunde",7.24396402047844,7.05571386335649,6.70725888015802
"331","4409523","Informatica",8.19021984112745,6.87317732346224,7.13861043347472
"232","4390094","Informatica",7.98742864041559,7.55029932739395,6.50509096048394
"654","4305108","Biologie",6.44456597523531,5.67145194533132,7.87288298279826
"455","4074170","Biologie",7.0437846371755,6.99340136324624,8.39842278947215
"193","4141214","Wiskunde",7.32167691931063,6.83136982910429,5.88193846468945
"379","4007464","Informatica",7.82993549710826,6.78577980973277,6.08189692665929
"127","4137329","Wiskunde",7.17986211569221,6.57215265712843,6.45631099505455
"619","4483606","Biologie",7.09204159506115,7.04019918785249,8.11941198889781
"669","4454811","Biologie",6.93809655746427,7.16542396979146,8.51107549379644
"354","4165543","Informatica",7.50694496094806,6.90580111706843,6.58994754279742
"744","4031550","Biologie",6.05994071953596,5.91763502213344,7.71008835391536
"76","4045614","Wiskunde",7.58537969321959,7.0188838117296,6.12769695346353
"316","4049474","Informatica",7.21492287266194,6.5038416340869,5.8596531329409
"433","4386939","Informatica",7.60972960273429,6.54740343643005,6.08120742557176
"5","4147646","Wiskunde",7.76447706607242,7.0331087422696,6.57249673574637
"601","4347123","Biologie",7.285767216708,7.20877906418652,8.37076389747728
"89","4401352","Wiskunde",7.60407330059095,7.19025295056649,5.8957932889055
"210","4002922","Informatica",7.81968932300101,7.30273051758889,6.88579200424119
"380","4127472","Informatica",7.05328570554197,7.45275843780888,6.30437309685259
"377","4299559","Informatica",7.62042992220457,5.92914788919769,5.92321154261241
"661","4158546","Biologie",6.51432783258351,6.31364957227799,7.4990129916232
"715","4089133","Biologie",6.58207787561677,6.19011269854273,7.64683311222373
"725","4153628","Biologie",6.76343738738272,6.7313341224684,8.17157135485047
"407","4275566","Informatica",7.27015717556473,6.5737375822407,5.84827148394777
"191","4157209","Wiskunde",7.34419528207552,6.42603779179731,6.54033990891349
"631","4448379","Biologie",7.02882107457833,5.96741251233403,7.59636212474003
"515","4381354","Biologie",6.30914382688457,6.63344171922419,7.77116853935982
"70","4167761","Wiskunde",7.5474901681806,7.01149694598386,6.70960036786632
"681","4168406","Biologie",6.67263193963983,6.48834777550655,8.16901107284803
"37","4487010","Wiskunde",7.12627203311162,6.71576188654082,4.6698522963779
"656","4303506","Biologie",6.9690349802563,7.35372473156798,8.5607838468191
"747","4014845","Biologie",7.31281421601839,7.35433032393446,8.44467189697062
"88","4471747","Wiskunde",7.13585053251405,7.01644366365153,6.30653502867187
"416","4100756","Informatica",7.30254643118432,7.27886882542261,6.10765751347924
"614","4464698","Biologie",6.75039864199069,6.94544210703996,8.04641767856558
"688","4047415","Biologie",6.11467180507019,5.8830059232568,7.43940665291887
"482","4090301","Biologie",6.78499151706436,6.81551946952942,8.07659610157947
"28","4236863","Wiskunde",7.15604954963788,6.45982118379527,6.1627706053937
"581","4177229","Biologie",6.81448745338187,6.99622268884076,8.16842376666332
"36","4055688","Wiskunde",7.48850926376425,6.6071597032023,5.5252682161804
"110","4497353","Wiskunde",7.47642279803036,6.81259794144331,6.5539009647828
"498","4141593","Biologie",6.27448110045491,5.75513218139086,7.40192629259922
"357","4374777","Informatica",7.15345046025107,6.36547518752769,6.18537362487577
"406","4317849","Informatica",7.81027523507779,7.18389131170647,6.75725406423198
"527","4328491","Biologie",6.30387189153719,6.75064359339686,7.77094275238083
"250","4138510","Informatica",7.71110205732529,6.74771161987693,6.48635220874351
"583","4043829","Biologie",6.36906135874824,6.12150981270697,7.74555729276711
"270","4317785","Informatica",7.09325227735368,6.51561971335594,5.96328786575154
"480","4103972","Biologie",6.04202087396923,5.89983357794944,7.94513528845467
"358","4131632","Informatica",7.11586012800087,6.44352824022058,5.74313231856045
"571","4078217","Biologie",6.02347605735904,5.88057970836339,7.81875083379522
"568","4414592","Biologie",6.29452946855411,6.72810628098576,7.33764234295444
"660","4236881","Biologie",7.12512791111153,6.1698366705009,7.77165608492717
"736","4065950","Biologie",6.10053790531177,5.89730555594855,7.34583341556327
"195","4092666","Wiskunde",8.30356545218365,7.66746662058371,7.30392858183253
"345","4371024","Informatica",7.05407747692567,6.84683697782504,5.43637045803916
"13","4227334","Wiskunde",7.03370314240472,6.4740214502152,6.54193187049115
"186","4470031","Wiskunde",8.06889376661883,7.53039375083658,7.47378223127299
"412","4111145","Informatica",7.76669356924629,7.31109363153929,6.58250360968686
"61","4302529","Wiskunde",7.76681370319463,7.00802520529183,6.84441771733904
"336","4042479","Informatica",7.17965095144728,6.83655219212801,6.50008475316804
"258","4290598","Informatica",7.21621212837252,6.98072164362014,6.39057837377719
"353","4135235","Informatica",7.97255417500265,7.76980067403537,6.48147400459458
"219","4064233","Informatica",7.45107856515241,7.00220109512441,5.53112110508133
"655","4421557","Biologie",7.5411477553517,6.121635028616,8.2867366414979
"126","4300665","Wiskunde",7.31023022797809,7.29896677840426,6.37850393636136
"696","4088394","Biologie",6.55988562239887,6.02606165103786,7.67088976128033
"264","4084772","Informatica",6.99652398771471,6.71653101330436,5.94027803828778
"34","4484625","Wiskunde",7.12469160169495,6.88697643880915,6.33923126565781
"671","4315910","Biologie",6.61785805696011,6.85483242561586,7.54893537119835
"531","4495571","Biologie",6.76114089270583,6.57346045686793,8.20158687891892
"703","4490383","Biologie",6.48942799925621,6.42510225791946,7.90600654191919
"9","4130756","Wiskunde",7.16019896347603,6.85343354279097,6.26804130866845
"629","4286013","Biologie",6.58215132031583,6.9886339023554,8.52044101589008
"277","4257754","Informatica",7.64697860062945,6.69559151346352,6.17585904404221
"488","4378739","Biologie",7.07724004463013,7.44043573305657,8.29856991215747
"125","4249527","Wiskunde",7.99145836064472,7.74670780030171,7.16015391265516
"168","4131879","Wiskunde",7.54998093996776,6.86866691882491,6.40610201397735
"30","4155705","Wiskunde",7.34978855467442,6.520764663634,6.00416645864092
"59","4391360","Wiskunde",8.04799582369074,7.54788917148838,7.06330086290067
"106","4355491","Wiskunde",7.49811871759982,7.23753155841286,6.34727731475181
"673","4106638","Biologie",6.31416289382597,5.89946976752158,7.65774009826539
"473","4413518","Biologie",7.41721754711846,6.31546378294025,7.63010949329347
"662","4241068","Biologie",6.3497394213762,6.23238210768678,7.11114340123658
"626","4087767","Biologie",6.55794571664524,6.31773110036323,7.54765037046306
"302","4041025","Informatica",8.63602892184092,7.16558844705657,6.65985276286734
"587","4327910","Biologie",6.70556681136214,6.64230184499663,7.53647443016643
"638","4259950","Biologie",6.4333925978455,6.51398043891723,7.96525870873516
"508","4081845","Biologie",6.83380927567558,6.08423768308287,7.98591922772191
"323","4013670","Informatica",8.01532959665052,6.67605380675859,7.17264991629042
"625","4481696","Biologie",6.43653321643077,7.37348035175878,7.73686715656944
"180","4229287","Wiskunde",7.22611489854941,7.19288800725716,6.44456411221278
"468","4007468","Biologie",6.85932106699107,5.83987156024328,7.67179753401545
"616","4406426","Biologie",6.3898716003639,5.5534988671649,7.40654386738482
"356","4470457","Informatica",7.44579325101536,7.66958064246534,6.21724391397806
"216","4135011","Informatica",7.43003019070798,6.61239818017538,6.30283627246305
"427","4091185","Informatica",7.65559571592898,6.8271330912201,6.26527468037692
"142","4240955","Wiskunde",8.34599247175828,7.26733582773079,6.81497964409947
"594","4487953","Biologie",6.8194252448701,6.3321571699731,7.61583685117017
"479","4188035","Biologie",6.97352834773836,6.7018263494507,7.9414813439952
"369","4061336","Informatica",7.30790297502314,7.36284970730114,6.63835332780417
"72","4029789","Wiskunde",7.56313256259119,6.31087833667636,6.52704809647359
"334","4271058","Informatica",7.13424256507716,6.94898546530628,6.41455829471957
"685","4281455","Biologie",6.4148831691526,6.37104513617825,7.87317065483295
"741","4228338","Biologie",7.26339049766317,6.29597308450417,7.53977241181979
"618","4109799","Biologie",6.85694814408763,6.83312028748408,8.2342009667353
"287","4322887","Informatica",7.66136901719181,7.51392792069277,6.3657911559579
"705","4482797","Biologie",6.29773034461883,6.40297683301465,7.69809270171247
"205","4434743","Informatica",7.22131627005547,7.34384139195586,6.3479056691551
"500","4219185","Biologie",6.33817599499997,6.71265642072465,7.68588371882399
"414","4246380","Informatica",7.30751838320236,6.8686332708994,5.87821002257172
"543","4480617","Biologie",6.14963485589336,6.80759101394243,7.90551873710512
"540","4457735","Biologie",6.44849726252342,6.49019449098587,8.3107674467887
"329","4084255","Informatica",7.44988494726643,7.36620168418902,6.20842288170531
"132","4178049","Wiskunde",7.77680006061372,6.79908088174857,6.60099295841433
"372","4400049","Informatica",7.08587550698237,6.82751826546711,5.85287982859042
"439","4007296","Informatica",7.25196933368741,7.07248974612671,5.9450615171462
"580","4433657","Biologie",7.06985225665496,6.85153079601787,8.4074065846616
"443","4199835","Informatica",7.16867535643753,6.94808855922469,6.3169345299169
"738","4416084","Biologie",6.64206999418803,6.43763390231391,8.16035861068869
"582","4192629","Biologie",5.81310425458538,6.18246038260581,7.79614997617676
"678","4317718","Biologie",6.20198650334908,6.55421700022392,8.04030960680278
"410","4305606","Informatica",7.38110906490582,7.0468926590165,6.08315979529076
"69","4287886","Wiskunde",7.75635270271283,7.51398212157819,7.08613043086125
"684","4411825","Biologie",6.50555496163735,5.59659924758066,7.7610984001614
"707","4301184","Biologie",6.41522605945425,6.83092822345766,8.51265314633986
"742","4497286","Biologie",6.97320206935347,6.61445416653411,7.76322478643636
"66","4191372","Wiskunde",7.87658223123972,7.93410659497178,7.03600965146804
"352","4497316","Informatica",7.50176168007816,6.9885060850808,6.52332610969463
"692","4216824","Biologie",7.03634712759113,6.12628699387621,8.52181453479806
"271","4135541","Informatica",7.845377077011,7.49389430295965,6.65344598626477
"121","4349246","Wiskunde",7.808819619113,6.70875505865523,6.17276570613584
"640","4020845","Biologie",6.68985957733686,6.20583345297374,7.42573612353421
"303","4226836","Informatica",7.64908047589724,7.0007231436868,6.02125802140659
"259","4074095","Informatica",7.49821400989694,6.96316907401028,6.32510769454776
"54","4136151","Wiskunde",7.02425584580866,6.53365877076012,6.23025020821213
"448","4338043","Informatica",6.66055381907774,6.73046538850045,6.02657568133019
"399","4027573","Informatica",7.10656659955317,6.8984006870655,5.52660126979526
"84","4430360","Wiskunde",7.54491052658687,6.70041256399222,6.46430260253939
"17","4243074","Wiskunde",7.60594768524959,6.7010640449816,6.03320540290908
"680","4416266","Biologie",6.61419210694509,6.17352794399574,8.01649954491317
"312","4226607","Informatica",7.86166968911655,8.05208397168266,6.57424450841028
"642","4385394","Biologie",6.98736137443929,6.23621917375911,7.38900476190812
"355","4364771","Informatica",7.44385164924932,6.45889437894605,6.17326396959737
"687","4185504","Biologie",7.02921420873528,6.7639263469391,8.16935809382451
"713","4247945","Biologie",7.21774764012574,7.09705752335089,7.95093756166807
"43","4092816","Wiskunde",7.23200948969578,6.91096207097666,5.82002342974721
"570","4411284","Biologie",6.47469947326465,6.50561768678158,8.17093024356435
"630","4413323","Biologie",6.31227478141016,5.178071662273,7.28015292947525
"598","4387035","Biologie",7.1500958244371,6.18279768869454,8.1878514797054
"100","4322086","Wiskunde",8.72071017350754,7.4800630984403,7.02279409950081
"560","4400979","Biologie",6.87591083871416,7.00479987893216,8.18632951705302
"446","4189595","Informatica",7.10149053535272,5.96067315674054,6.32504354371462
"679","4007134","Biologie",6.19679466656078,5.85012501371939,7.62991130630361
"115","4224180","Wiskunde",7.41406306289302,7.16529407582003,6.34513978123623
"155","4323690","Wiskunde",7.5884053529226,7.37737503816494,6.06760100462745
"346","4234536","Informatica",7.16872483313007,7.23717825758353,6.54043715634414
"465","4327916","Biologie",6.4746977302454,6.0485229853798,7.37452962877557
"196","4265808","Wiskunde",7.55262182994707,7.07141686495769,6.82444477442111
"689","4276649","Biologie",6.37352852094907,6.27610193350432,7.37305003650092
"545","4052643","Biologie",6.6825133485654,6.4488856633504,7.48328701478827
"574","4173188","Biologie",6.44957021758491,5.85454850438442,7.67628945478556
"218","4277235","Informatica",7.64763235314072,7.03400484921503,6.40764872281157
"370","4149146","Informatica",7.97577757233593,7.59046350065253,6.46194484905668
"158","4337325","Wiskunde",6.37578780975287,7.18148858031976,6.18880055873025
"530","4474957","Biologie",6.23024692415431,6.9222446762382,8.1612331187826
"332","4058241","Informatica",8.11258723559641,7.07154409183341,6.87697069066058
"154","4378646","Wiskunde",7.00246461720561,6.8197331500809,6.11863873412271
"719","4409473","Biologie",6.40326986398696,6.65765902624946,7.13710888659153
"19","4465473","Wiskunde",7.33825699914461,6.69047138907849,5.9541959842013
"174","4299614","Wiskunde",6.66905870333015,6.42625692300972,5.80852548709183
"456","4017340","Biologie",6.8107924514128,6.53901126053109,8.04426068034389
"229","4161679","Informatica",8.09761866528738,7.02629750908674,6.86726767652766
"128","4281400","Wiskunde",7.00616024673185,6.63108478112897,5.60503089344506
"315","4250704","Informatica",7.40142868366545,6.63316090949122,6.45609698011919
"288","4080460","Informatica",6.60085209215495,5.94108540656059,6.25638729398745
"467","4157513","Biologie",7.04841252288408,7.28449357778259,8.29164578017328
"553","4312517","Biologie",6.59683034720431,6.46624610654097,7.50227723463902
"209","4332942","Informatica",7.40966085362186,6.64835882158154,5.58506721218774
"376","4056928","Informatica",7.44464324518539,7.00953815861429,6.24059393833119
"450","4063996","Informatica",6.91694316340016,6.29439584190893,5.68469783429469
"304","4102046","Informatica",6.65384805325404,6.57145310666122,6.32576468111979
"561","4041934","Biologie",6.47381490100294,6.00861307424422,7.91630637672861
"86","4080717","Wiskunde",8.57990882615695,6.77072216531465,6.31356106391405
"108","4096580","Wiskunde",7.68840370909338,6.63692816350087,6.75890598872936
"339","4422849","Informatica",7.82158135601849,6.67940417313565,6.50596841264072
"746","4223642","Biologie",6.71694659086259,7.40338156420846,8.60689141241051
"449","4396131","Informatica",7.93116969642507,7.30421409900488,6.64723725785811
"539","4480775","Biologie",6.57862847233242,6.23000027640601,7.10776644125372
"731","4148107","Biologie",5.97860330090423,5.75258650341556,7.05701879132267
"130","4331411","Wiskunde",7.63450005860171,7.20183085556396,6.3115699941277
"452","4184706","Biologie",6.47475005734806,6.61054546675031,7.89298784305488
"495","4410527","Biologie",7.6325507205581,6.72454712431217,7.88936666083983
"490","4388953","Biologie",7.00672461171755,6.24489255629175,7.51973452576417
"122","4346167","Wiskunde",7.17755114367064,6.72754777378476,6.13836526602312
"348","4442367","Informatica",7.57266231455068,6.88461828258878,6.50050449104713
"664","4496473","Biologie",6.60138079846709,5.77638162344485,7.82476739100552
"536","4447133","Biologie",6.32777980683538,6.10770235100773,7.90789134452823
"532","4201702","Biologie",7.63783093367647,6.75514423796033,7.5746742202371
"239","4470035","Informatica",7.5249610390647,6.7378877344845,6.60132121344433
"643","4011850","Biologie",7.46568335896383,6.81978598068525,7.61395691202233
"391","4101749","Informatica",7.8656475392602,7.10451527747684,6.59289972191482
"157","4224190","Wiskunde",7.20388796662583,6.59665753774403,6.84243997208224
"112","4467433","Wiskunde",7.04638640172681,6.77209016640025,6.37050314317544
"445","4149569","Informatica",6.99667503186548,7.12304729884309,6.48581086456918
"606","4395328","Biologie",6.59935365608937,6.28598957018154,7.60257295803766
"240","4239475","Informatica",8.30399983260615,7.15241608785313,6.82853477044352
"225","4047048","Informatica",7.46983440878579,7.68140638350625,6.4023790021457
"227","4206101","Informatica",7.06405560887669,6.6798246375203,6.19021158933936
"608","4265749","Biologie",6.26253092972906,6.01803435820355,7.23791503702363
"393","4205598","Informatica",6.832387093672,6.90870505811877,6.05783382965183
"298","4267920","Informatica",6.83131464451747,7.41965790889001,6.31683794578794
"717","4388422","Biologie",7.32295205789374,7.17018223451655,8.18012424791338
"338","4109919","Informatica",7.4377853994327,6.83227266860611,6.30161458326815
"682","4170640","Biologie",6.52272243751969,6.19827287930206,7.78396288950483
"207","4272511","Informatica",8.07374738030502,7.28290803703091,6.7559523754007
"733","4060343","Biologie",6.50889917749937,6.47519710277804,6.81493880410746
"597","4274972","Biologie",7.46262768636182,7.08826346484139,7.97145232600026
"322","4048599","Informatica",7.10626960040646,6.82173259062523,6.24662608615462
"496","4283739","Biologie",6.75906948500535,6.39686412206161,7.71854600955014
"371","4201126","Informatica",8.06494449753014,8.19213474399798,7.60694881624325
"413","4406613","Informatica",6.75467751812336,7.14428871917535,6.30791288946175
"1","4098269","Wiskunde",6.74247961275188,6.60912303876389,6.22612306982368
"341","4018439","Informatica",7.73272370317491,7.19808989360408,6.71213103552682
"75","4262367","Wiskunde",8.24557464732481,7.30288628473137,7.61940716973703
"266","4392417","Informatica",6.95459768053279,6.95401266014509,6.20817027965179
"77","4334050","Wiskunde",6.86204696979775,6.37644546964885,6.13807100204901
"172","4463729","Wiskunde",7.05839941179386,7.58197312349324,6.30699893440861
"74","4051996","Wiskunde",7.59041458708671,7.09775319125881,6.92199457515262
"14","4343380","Wiskunde",6.9690190264968,7.66015025768874,6.34144181231909
"104","4419629","Wiskunde",7.28832057513662,6.60482131508408,6.45642127765471
"105","4399582","Wiskunde",7.6586553403517,6.46297119948177,5.87353734289026
"700","4072548","Biologie",5.85557385009307,6.31207166727992,7.72253487460191
"7","4284425","Wiskunde",7.66795269707783,6.18923821916861,6.41321300202283
"143","4400757","Wiskunde",7.56421346387085,7.10299712688165,6.9302312826722
"307","4258262","Informatica",7.77206083703113,7.26609576436211,6.22114502278138
"220","4273654","Informatica",7.53557394719646,6.29839341652993,6.34749874181364
"243","4322051","Informatica",7.52814175301746,6.88831331548982,6.61454734121892
"24","4466356","Wiskunde",7.71069535656591,6.88397779136344,6.80878186013084
"163","4305433","Wiskunde",7.27121792509364,6.88857438694846,6.28623364508166
"267","4246605","Informatica",6.99219730702522,6.19376647624831,6.4321438626597
"197","4295442","Wiskunde",7.64889304229971,7.16304604103603,6.76746715455119
"431","4114365","Informatica",7.57280529654697,6.82421988373948,6.24815710316203
"394","4359558","Informatica",7.71600254200704,6.97671534873206,6.61540783920299
"474","4024381","Biologie",6.83049880411108,6.25985134403443,7.90774664576603
"550","4199228","Biologie",6.51577037433766,6.20036741479646,8.62051090682296
"87","4152604","Wiskunde",6.99603020370434,7.74251907360525,6.76394263421178
"256","4401751","Informatica",8.03242576789757,6.6366951750421,6.4397709363291
"299","4043867","Informatica",7.68399991148916,7.96682476469852,6.13383464540733
"153","4194842","Wiskunde",7.80374019261194,7.92096476090028,6.97044986273572
"249","4449396","Informatica",6.99397771313562,6.53612516266092,6.60117564926601
"552","4422053","Biologie",6.99697286777168,6.03576683181965,7.40507834775239
"117","4264230","Wiskunde",6.3474280983715,6.92820262041977,6.26132023278699
"459","4217167","Biologie",8.1415914955252,7.23356459247111,8.47258529553683
"381","4232779","Informatica",7.81054555227612,7.4935517844045,7.36202506047319
"724","4338203","Biologie",7.16484815905904,6.32631771493546,7.86125108407774
"621","4290985","Biologie",7.02149920129987,6.11567098195656,7.5189275453468
"228","4112419","Informatica",6.91419512101285,6.81585058155236,6.75374435687932
"514","4403675","Biologie",7.06779554784075,6.77000689014645,7.73381124502683
"511","4152812","Biologie",6.7808456824668,6.97522668053176,8.0215159349311
"658","4339683","Biologie",7.39153584813714,6.76547231958865,8.00303314146191
"562","4279207","Biologie",6.73158064474206,6.53122590781992,7.78541145784341
"392","4377699","Informatica",7.44552738588492,7.15709902836681,6.01145518497264
"405","4144361","Informatica",7.33753902437408,6.61565609276279,6.83779706748865
"136","4434103","Wiskunde",7.05824001576403,7.27433579097849,6.16665313516011
"291","4048957","Informatica",7.52173454864539,6.5029601027415,6.86597933354797
"728","4178621","Biologie",6.98844356456982,6.3076642270721,8.41457451170541
"284","4367181","Informatica",7.54274697480282,6.80006231325665,5.73814120828838
"285","4370742","Informatica",6.46103775291012,6.73607069435058,6.48120576994444
"82","4203371","Wiskunde",7.7495055408061,6.6770049793084,6.28727029881451
"12","4283474","Wiskunde",7.06193007631134,6.76169150465629,5.98270086511827
"162","4362733","Wiskunde",7.12760978404987,6.61566394235669,6.87121012473889
"575","4435373","Biologie",6.15432527531783,5.9196408947983,7.77941811509655
"11","4100731","Wiskunde",6.96226402668749,6.91401820978659,6.5009793516623
"233","4444855","Informatica",7.28699376578456,6.27868818734731,5.5169297202997
"491","4305309","Biologie",6.95703243041235,7.08929269100445,7.58598601389566
"123","4299579","Wiskunde",8.58680930089422,7.69669588728225,6.871098307219
"499","4323924","Biologie",5.8434011015161,6.42865611902254,7.12382445507533
"576","4322578","Biologie",7.22806307436607,6.6459126288012,8.38023334343848
"73","4487447","Wiskunde",7.43664604900647,6.68098191604234,6.38086518315006
"667","4180061","Biologie",7.36375348968283,6.42369653737991,8.19352801132321
"596","4260526","Biologie",6.98411191750794,5.82169551125247,8.13756076322324
"579","4001976","Biologie",6.8526486021376,6.86010743716313,8.03461251490042
"333","4388865","Informatica",7.31394656127439,7.66050695256769,7.38989173819957
"382","4233586","Informatica",7.09859312728542,7.268878977361,6.02649815473953
"711","4367303","Biologie",6.73893214440747,6.25746464707151,8.23315862562912
"676","4494760","Biologie",7.11155703264543,6.8177119668551,8.91282318215348
"48","4357870","Wiskunde",6.93739157472752,6.50512140174027,6.08600520104715
"114","4036839","Wiskunde",8.07814997933451,7.18503628417487,6.5671470130934
"118","4455736","Wiskunde",7.68933447880847,6.65132551917171,6.7444991612877
"411","4188810","Informatica",7.72513087952632,7.01160399869967,7.02347720255248
"164","4211701","Wiskunde",7.46107229376984,6.95324918399945,6.28515642007021
"591","4213926","Biologie",6.52689494505346,7.01227150452386,8.33650405735165
"286","4056231","Informatica",7.47982730732853,6.5820480262745,6.1901618532606
"310","4316123","Informatica",7.23487697571727,6.51506251392965,5.87509122062243
"497","4028948","Biologie",6.7761940789073,6.08373553686425,7.234802691802
"518","4086003","Biologie",6.70649676730322,6.18551301325162,7.84628817150086
"98","4070282","Wiskunde",7.95140500508771,7.3373067754517,6.57331209258983
"187","4350629","Wiskunde",7.40448486454454,7.46840977720293,7.30779956884574
"363","4110869","Informatica",7.40217806195109,6.89762246845605,5.76072195904852
"188","4281698","Wiskunde",7.61230580016376,6.59459337848194,6.13580734299276
"319","4025577","Informatica",7.64167325593632,6.95916745119078,6.26150527613242
"15","4286416","Wiskunde",7.77707125352148,7.47996583919303,6.69403598706645
"686","4035469","Biologie",6.77008340037732,6.59893632703589,7.90586362792531
"223","4457305","Informatica",7.31954974367294,6.64391512946307,5.95371651218398
"697","4315881","Biologie",7.33048985927795,6.96891100778046,8.18534163232557
"222","4306428","Informatica",7.53270404511739,7.3664014685842,6.38000995465716
"292","4305505","Informatica",7.51050015534845,7.75331875176611,6.38003423718586
"295","4163411","Informatica",8.03278004291451,6.88861475954157,6.12001116966979
"447","4041428","Informatica",7.73226018335906,6.6047286653991,6.60308617189959
"237","4141792","Informatica",7.42078694723512,7.48736418373743,6.06899117896107
"80","4200742","Wiskunde",7.0830361801945,6.96347920450414,6.50616375664761
"327","4163708","Informatica",7.72519125475875,7.09552263274161,6.29941062424805
"436","4450014","Informatica",8.22890623746497,7.13809499099756,6.71157294550175
"483","4481133","Biologie",7.39271791939059,6.69480528166982,8.4001347579968
"644","4310912","Biologie",7.42978252572826,6.63413653332839,8.06693466952113
"145","4065960","Wiskunde",7.54102208028453,7.23841093119371,6.6833659143993
"274","4164799","Informatica",6.99764715822239,6.86663591702628,6.36614724261283
"185","4220048","Wiskunde",7.97191931062464,7.07632834555933,6.85115119906749
"701","4393542","Biologie",6.74960698893934,5.98727333733488,7.88999595251098
"442","4432033","Informatica",7.56480259696179,6.69013658708138,6.78738450029895
"432","4014795","Informatica",7.6466351464567,6.84119885007757,6.58337700112053
"732","4435570","Biologie",6.59828169611991,6.35405846518507,8.18241704568806
"231","4143323","Informatica",8.13296824663324,7.59296691972522,6.77370581194702
"749","4320284","Biologie",6.95966490391017,6.2141415145628,7.52112112579997
"573","4366272","Biologie",7.10788766436456,6.33608474397969,8.11135927363423
"367","4093127","Informatica",7.31365105833589,7.13056428206469,6.33153812553697
"383","4048051","Informatica",6.53175827615295,6.88529065091773,5.75647446988698
"221","4062204","Informatica",7.12952132130866,7.77342292441326,7.15556135757379
"615","4166779","Biologie",6.81208394762398,5.76613586545607,8.58288065098742
"723","4267921","Biologie",6.28988839275484,6.86281009195508,7.78936301176442
"262","4299147","Informatica",7.28938832190061,7.65098477459043,6.55535840461778
"585","4436542","Biologie",6.40467485615326,5.79408404803536,7.20629688734787
"135","4337182","Wiskunde",7.01048040608842,6.36063380368094,5.72129078188141
"569","4341151","Biologie",6.71076252888224,6.75537815133243,7.88274155087829
"85","4073449","Wiskunde",7.87075004524193,7.4617578029276,6.49887492451884
"670","4153662","Biologie",6.76898835379035,6.48886480389589,7.58732062385071
"373","4290869","Informatica",7.55054672238515,6.9005566045437,6.24795933047613
"131","4267476","Wiskunde",7.92151415674281,7.27906569359062,6.80986228893105
"542","4004613","Biologie",7.26009136546791,7.02348997395109,8.00139903898378
"364","4257629","Informatica",7.64717074812065,7.91318380805125,7.11744066840691
"165","4173615","Wiskunde",7.83536550554212,7.169228157102,6.34131395131433
"178","4154379","Wiskunde",8.05307906146574,8.54237475106529,7.63882465862715
"46","4078475","Wiskunde",7.50983212465944,6.4083359088091,5.92087768820096
"289","4059023","Informatica",7.791496208322,6.65815928363174,6.72838687240702
"516","4365183","Biologie",7.04710833250777,6.29797453744557,7.80222429825251
"366","4483209","Informatica",8.07535367807593,7.47626066568094,6.90578529383098
"324","4274079","Informatica",7.74211910822909,7.02439686898169,6.50855064947101
"56","4277437","Wiskunde",7.537459585956,7.37251434359113,6.60682281684856
"588","4130599","Biologie",7.26389600613632,5.85398848103452,7.71045353969779
"8","4231747","Wiskunde",7.01082756829927,6.69645172491566,6.59391551065725
"454","4088438","Biologie",6.99266968030904,6.87716158495338,7.39495971113569
"265","4118148","Informatica",6.69294834952914,6.60150648761508,5.66879406873019
"525","4223222","Biologie",5.91810219254536,6.21906271947789,7.25990299859
"604","4400085","Biologie",7.05850953867979,5.88782741755429,7.34428407450676
"639","4163544","Biologie",6.84751613999381,6.228625348453,8.11865533637365
"481","4485428","Biologie",6.18538036528045,5.90230953355829,7.06978222737834
"693","4138184","Biologie",6.93418505334714,6.97740450990526,7.26678560924345
"3","4361516","Wiskunde",7.7871786957666,7.40890137427187,6.89186571947504
"600","4085822","Biologie",6.92860845791832,6.90892352522795,8.28284629328893
"62","4475371","Wiskunde",8.22346806550807,8.11241708542454,7.35639466569023
"421","4478534","Informatica",6.9281231475223,6.95818043814255,5.76956085794629
"311","4101752","Informatica",7.87437842335676,7.40445606219988,7.54416410469236
"90","4141922","Wiskunde",7.49612933571998,6.31894674408825,5.77638418973754
"134","4147972","Wiskunde",8.1664248461622,6.90908126993995,6.55703372841801
"182","4485115","Wiskunde",7.58611176292101,7.4952339312333,5.70933919321301
"441","4162007","Informatica",6.94053454157561,6.32038113331942,5.85578743496109
"38","4299332","Wiskunde",7.19781443450682,6.47359226688026,5.75960885706483
"745","4255694","Biologie",7.20794336052023,6.66087274096482,8.26808778016238
"22","4423082","Wiskunde",7.41743040212773,6.62489703223341,6.3201530971043
"652","4043476","Biologie",7.07126201021923,6.5735753500464,8.0964668186537
"526","4119052","Biologie",6.08835739526539,6.07129491946739,6.67658110942351
"167","4087461","Wiskunde",7.8936133436551,8.00990670677277,6.83486223349574
"337","4144292","Informatica",8.10725120136639,7.40075907288713,6.89728989339393
"241","4374688","Informatica",7.24461501548344,7.48043225225971,6.49809577066727
"740","4154526","Biologie",6.03656722097108,6.54806863079521,7.73268539944566
"469","4116188","Biologie",6.22478075777762,6.70096554348118,7.58406654114121
"296","4074328","Informatica",7.20378989573067,6.84204138078003,6.08606128434663
"246","4013607","Informatica",7.34851968535585,6.257800985249,6.03609528859992
"695","4273843","Biologie",6.97555068983344,6.59493955711553,7.96859682145311
"748","4111300","Biologie",7.02094344930022,6.75175332278067,8.10504061339902
"344","4040823","Informatica",7.11552730208046,6.37279630728049,6.39565690104619
"111","4386843","Wiskunde",7.15565467288928,6.73576855048148,6.79394115569511
"301","4236292","Informatica",7.30403035641813,7.51411211473834,6.58017781020456
"484","4289957","Biologie",6.29160198628331,5.9066877196758,7.00992642840799
"750","4187621","Biologie",7.0861036898208,5.86435975049655,7.80965104955247
"109","4187474","Wiskunde",7.7211485341668,7.18379310879063,6.383906604555
"385","4212778","Informatica",7.72602130772171,7.04308564360636,6.00825382308052
"184","4451708","Wiskunde",7.62349102339853,6.83977375961793,6.89010589866907
"493","4116544","Biologie",7.04987906635292,6.80135277349443,8.26029519035983
"349","4429847","Informatica",7.70513473086827,6.78740111395046,6.5276630096558
"444","4306563","Informatica",7.54020786227753,7.1067889461562,6.69776677812054
"694","4015140","Biologie",6.99918741201748,6.88478014257365,8.3620739817793
"627","4365129","Biologie",6.5625444441012,5.96126932471821,8.10148157087821
"605","4145860","Biologie",6.24480290252193,6.35202455676957,7.96349572130003
"457","4091152","Biologie",7.3419060097266,6.55847428095196,7.53345596170402
"672","4496788","Biologie",6.83076823756596,6.19208556624002,8.39799863086074
"403","4262840","Informatica",7.99150899378107,6.71400521515016,6.14056676173721
"466","4442607","Biologie",6.5401328870574,6.77602918221062,7.43355919237463
"547","4357177","Biologie",7.11817302099902,6.54543359021325,8.65253162825885
"486","4019145","Biologie",6.61693814728094,6.51174897856295,8.13383123255903
"211","4345097","Informatica",7.19595891817257,6.92304191371914,6.08860205612455
"559","4252653","Biologie",6.78648603577789,5.7565332876841,7.23831951022735
"31","4435300","Wiskunde",7.58675031482801,7.63291462085517,6.88784152658977
"384","4122015","Informatica",8.06461803085402,7.16316325497184,6.21603389950338
"472","4471004","Biologie",6.62815765752951,6.78294171030829,8.7316962642043
"215","4399568","Informatica",6.98327059723177,6.47828172264515,5.83595995094344
"283","4081028","Informatica",7.8527734148847,7.45556861476533,6.61897859724226
"141","4279511","Wiskunde",7.49018759015265,6.83402668974559,6.20986690362763
"501","4236847","Biologie",5.71597271404562,5.89372356334391,7.09253852374527
"217","4101136","Informatica",8.2962887377236,7.39097911561687,6.89934871876194
"51","4442462","Wiskunde",6.93417083269386,6.19600987757239,5.79141117191409
"297","4291582","Informatica",8.09160807073397,7.81163069003063,7.35602928814016
"149","4207523","Wiskunde",7.84018809724144,7.21267450769184,6.40173126702304
"556","4316387","Biologie",6.63662326311161,6.39607301816654,8.03757578719255
"666","4311622","Biologie",6.51364030150381,6.22937487289757,7.44904426196791
"396","4371528","Informatica",7.37136189915604,6.77112491607507,6.87859143566153
"646","4448975","Biologie",6.32212449550727,6.45782460975061,8.18065463604906
"253","4428876","Informatica",7.52601997814357,7.20760841352893,5.94242009609009
"683","4333346","Biologie",6.64319935430311,5.61222485611468,7.67183765844277
"230","4254726","Informatica",7.11524889164938,7.06119185922407,6.22061750975204
"415","4242698","Informatica",8.36173535272593,7.65129004034816,7.46983414625996
"57","4018708","Wiskunde",7.72120158087977,7.46168556972449,7.52220645041967
"563","4136873","Biologie",7.70234459656825,6.61065512435118,8.90144312984596
"599","4255358","Biologie",7.62770354959019,6.99852216950604,8.23416134268499
"340","4012661","Informatica",7.45577301138875,7.26798456798811,6.59381298458896
"708","4270533","Biologie",6.44817685690932,5.55627539860655,7.15630069167328
"572","4159133","Biologie",6.34847340343396,5.77292726683112,7.26606255119395
"710","4013811","Biologie",6.51753321740182,6.02508820047647,7.3413315452637
"359","4050901","Informatica",7.1336722524184,7.26662159865225,6.36528157582282
"107","4140541","Wiskunde",6.77843309346997,6.98266060463666,6.15709759531699
"462","4471138","Biologie",6.70375388520788,6.45316992364089,8.16199318992687
"471","4300194","Biologie",6.32515814941747,6.42208773130365,7.48887587757108
"375","4377530","Informatica",7.84657966691837,7.10513242818692,6.32251411188701
"578","4117761","Biologie",6.04963949422329,6.20051631355227,8.05877168636401
"541","4024056","Biologie",6.7584350427588,5.85441474647885,8.18421724666339
"395","4120406","Informatica",7.46101383486441,6.59404039644487,6.86624798776532
"451","4196938","Biologie",6.18509716838852,6.83270702826772,8.09615923869673
"273","4020747","Informatica",7.42319062485257,6.4682900430774,6.03928141803713
"335","4393519","Informatica",7.63086506650626,6.70456765372772,6.23118312319818
"521","4074427","Biologie",6.36861972161785,5.36020403954955,7.42318076480414
"202","4115368","Informatica",7.57773662331031,7.1941892959246,6.79900497346713
"565","4289196","Biologie",6.89245326771757,5.71649250924854,7.55848856377914
"42","4462122","Wiskunde",7.07440650034405,6.53503822111212,6.11991582720318
"624","4409946","Biologie",6.5110622079287,6.69367171329042,8.36253788259288
"613","4103130","Biologie",7.32538324954528,6.61403448466714,8.27854193793928
"326","4204145","Informatica",7.04007641575612,6.46429672989754,6.71561721150161
"25","4312412","Wiskunde",7.41659304869314,6.59740339677796,6.12607109883748
"39","4193736","Wiskunde",7.06363631331254,7.05039007084889,6.46359084587832
"566","4112424","Biologie",6.69752141627815,6.15556260653757,8.2154816922416
"653","4147057","Biologie",6.41829985796865,6.52688174733795,8.39930764343178
"730","4309278","Biologie",6.45609151513059,6.25160220495968,8.15759318707458
"567","4114609","Biologie",6.83622735449552,6.18606999426974,7.56507180444341
"720","4496330","Biologie",6.6341785211053,6.45970861570413,7.5291626195395
"409","4474180","Informatica",7.682034121845,7.1977306162013,6.64036122336134
"398","4060814","Informatica",7.1209074156111,6.89548238041619,6.28963744957509
"510","4018757","Biologie",6.47332798309527,6.5948973534407,8.57639198559171
"555","4419965","Biologie",6.26977104965525,5.20514037832475,7.2321474628525
"492","4385913","Biologie",6.39171861078319,5.90096558882005,7.42152492149258
"199","4476548","Wiskunde",7.34011284155644,7.16575893023117,6.57230753365398
"549","4387402","Biologie",6.68219296507859,6.12928000010185,7.42774679039174
"647","4258424","Biologie",6.35447816411218,6.07273506182593,7.37662038196433
"173","4388177","Wiskunde",7.45274282746243,6.78940662362544,6.29344271369489
"374","4422667","Informatica",7.91507592943913,7.54859117979289,6.61697220461383
"317","4246996","Informatica",6.66481540009633,6.57254074913678,4.74728540316535
"280","4284963","Informatica",6.49732419170338,6.48704027583359,5.54361760445266
"513","4342061","Biologie",6.79407171271397,6.78653688822923,7.37131110267745
"255","4298186","Informatica",7.62944394747428,6.92177858573492,6.12384206715436
"260","4312108","Informatica",8.05158218069272,7.08501634339889,6.32345276559684
"743","4265022","Biologie",6.16946973786838,6.64656074229098,7.99079200017183
"485","4394411","Biologie",7.00015334823311,6.7173484030443,8.10932067364719
"361","4299871","Informatica",7.55880408054054,7.00242793993412,6.975137320769
"139","4316463","Wiskunde",7.72982347577453,7.4369057073773,6.7411433352798
"494","4179205","Biologie",6.71472320479513,6.70549868322609,7.35472934737674
"419","4342291","Informatica",7.32304149608266,6.80148112915248,6.15303792316165
"675","4468054","Biologie",6.7882897148345,6.20154780451795,7.44617742679629
"190","4414202","Wiskunde",7.33328310608877,6.92871457618475,6.42064817982954
"558","4296767","Biologie",6.82528578626553,6.19667655265396,7.59098810082023
"437","4091369","Informatica",8.25699914201924,7.66519457610639,7.44228997335509
"192","4223461","Wiskunde",6.65498722683305,6.61772584436048,4.49896006051718
"254","4334487","Informatica",7.67459490747323,7.04988937457381,6.71320500345254
"96","4120877","Wiskunde",7.61868981103666,6.73071322565502,6.94008279929717
"97","4231903","Wiskunde",7.66034378933531,6.56112389489573,5.43563147702838
"507","4287764","Biologie",6.29430178414719,6.54487957509681,8.1917074299319
"278","4074590","Informatica",7.90960909449042,7.09460781594418,6.80154917747445
"21","4096025","Wiskunde",7.22960616100316,7.00847352242649,6.80880660231633
"35","4450302","Wiskunde",6.74828181771329,6.41220145091138,5.95493424877783
"554","4413878","Biologie",6.54633623358198,6.59495773744932,7.69386880760823
"397","4033718","Informatica",8.32928186739625,7.03150379890642,6.80617376899063
"735","4395929","Biologie",5.72192424738332,6.01204217952555,7.33384779840997
"275","4376200","Informatica",7.4147708677602,6.96859512793842,6.06728295178846
"242","4355048","Informatica",7.51555470276992,6.38552602565576,6.26158960207484
"368","4351849","Informatica",7.28795178604781,7.4493817582183,5.80195725681281
"378","4021912","Informatica",7.17633595189167,6.84900457977015,6.56940463649966
"637","4210780","Biologie",6.62523068828697,5.84840485486591,8.36077160599903
"226","4235409","Informatica",8.1996654409192,7.43325267496103,7.15404284748425
"347","4469230","Informatica",8.30883191997567,7.44070114558446,7.08660424971356
"144","4354141","Wiskunde",7.45604772249547,6.70678844733444,6.61838285738969
"607","4486344","Biologie",6.6622535821875,7.03210170463955,7.70793478920934
"668","4084654","Biologie",6.74513391640593,5.99283264521206,7.33508176119957
"214","4198875","Informatica",7.51325996981825,7.28036208657639,6.25226672517158
"161","4074033","Wiskunde",7.00962746382379,6.57226583919978,6.38988119866298
"674","4158667","Biologie",6.12735969907655,6.66312048048354,7.26159532760686
"251","4260149","Informatica",7.1659715420724,7.45432460729184,5.56901373019934
"201","4386585","Informatica",7.64370832150519,7.1315698523949,6.46812055407319
"29","4074019","Wiskunde",7.17069111458516,7.30938153490309,6.40334417332826
"269","4162230","Informatica",8.46478838763721,7.48691765054859,6.73090230867381
"94","4183191","Wiskunde",7.41197674525329,7.73131858012943,6.85380747453693
"538","4043714","Biologie",7.14438221167624,5.90957609656448,8.34103688195888
"739","4395085","Biologie",6.95162748861992,6.7522632589696,7.94657012378568
"102","4179500","Wiskunde",7.01043136258376,7.19792990019727,6.17161070438606
"268","4096027","Informatica",7.24750192261419,6.87388696429155,5.48768584561519
"557","4490877","Biologie",6.65599310554413,6.30169886917338,7.9889326094985
